-- phpMyAdmin SQL Dump
-- version 5.2.0
-- https://www.phpmyadmin.net/
--
-- Hôte : 127.0.0.1:3306
-- Généré le : lun. 01 juil. 2024 à 13:20
-- Version du serveur : 8.0.31
-- Version de PHP : 7.4.33

SET SQL_MODE = "NO_AUTO_VALUE_ON_ZERO";
START TRANSACTION;
SET time_zone = "+00:00";


/*!40101 SET @OLD_CHARACTER_SET_CLIENT=@@CHARACTER_SET_CLIENT */;
/*!40101 SET @OLD_CHARACTER_SET_RESULTS=@@CHARACTER_SET_RESULTS */;
/*!40101 SET @OLD_COLLATION_CONNECTION=@@COLLATION_CONNECTION */;
/*!40101 SET NAMES utf8mb4 */;

--
-- Base de données : `wow`
--

-- --------------------------------------------------------

--
-- Structure de la table `achats`
--

DROP TABLE IF EXISTS `achats`;
CREATE TABLE IF NOT EXISTS `achats` (
  `Id_Achat` int NOT NULL AUTO_INCREMENT,
  `Id_Item` int DEFAULT NULL,
  `Quantite` int DEFAULT NULL,
  `PrixUnitaire` decimal(10,2) DEFAULT NULL,
  `DateAchat` date DEFAULT NULL,
  `Active` tinyint(1) DEFAULT '1',
  PRIMARY KEY (`Id_Achat`),
  KEY `Id_Item` (`Id_Item`)
) ENGINE=MyISAM AUTO_INCREMENT=34 DEFAULT CHARSET=utf8mb4 COLLATE=utf8mb4_0900_ai_ci;

--
-- Déchargement des données de la table `achats`
--

INSERT INTO `achats` (`Id_Achat`, `Id_Item`, `Quantite`, `PrixUnitaire`, `DateAchat`, `Active`) VALUES
(1, 1, 1000, '62.25', '2024-01-01', 1),
(2, 1, 2000, '53.00', '2024-01-01', 1),
(3, 1, 1000, '45.50', '2024-01-01', 1),
(4, 1, 200, '42.00', '2024-01-01', 1),
(5, 16, 1000, '6.39', '2024-01-03', 0),
(6, 4, 30, '12.00', '2024-01-07', 0),
(7, 3, 70, '22.00', '2024-01-07', 0),
(8, 17, 500, '1.91', '2024-01-07', 0),
(9, 3, 1300, '26.00', '2024-01-08', 0),
(10, 29, 500, '149.80', '2024-01-08', 0),
(11, 5, 1000, '19.00', '2024-01-08', 1),
(12, 6, 100, '180.00', '2024-01-09', 0),
(13, 5, 1000, '16.93', '2024-01-10', 1),
(14, 1, 1000, '41.42', '2024-01-10', 1),
(15, 29, 300, '129.88', '2024-01-10', 0),
(16, 12, 500, '96.72', '2024-01-11', 0),
(17, 1, 1000, '38.95', '2024-01-12', 1),
(18, 12, 500, '94.93', '2024-01-12', 0),
(19, 4, 1000, '18.15', '2024-01-14', 0),
(20, 1, 500, '31.99', '2024-01-14', 1),
(21, 0, 200, '150.00', '2024-01-15', 0),
(22, 6, 200, '150.00', '2024-01-15', 0),
(23, 28, 700, '75.90', '2024-01-16', 0),
(24, 1, 300, '21.80', '2024-01-18', 1),
(25, 1, 1000, '15.88', '2024-01-22', 1),
(26, 6, 200, '103.00', '2024-01-24', 0),
(27, 2, 100, '61.98', '2024-02-02', 1),
(28, 2, 500, '57.00', '2024-02-19', 1),
(29, 8, 1000, '33.72', '2024-02-28', 0),
(30, 16, 1000, '2.43', '2024-03-09', 1),
(31, 2, 300, '49.00', '2024-03-14', 1),
(32, 23, 1000, '3.45', '2024-04-28', 1),
(33, 10, 1000, '9.21', '2024-05-08', 1);

-- --------------------------------------------------------

--
-- Structure de la table `items`
--

DROP TABLE IF EXISTS `items`;
CREATE TABLE IF NOT EXISTS `items` (
  `Id_Item` int NOT NULL AUTO_INCREMENT,
  `nom` varchar(255) DEFAULT NULL,
  `image` varchar(255) DEFAULT NULL,
  `active` tinyint(1) NOT NULL DEFAULT '1',
  PRIMARY KEY (`Id_Item`)
) ENGINE=MyISAM AUTO_INCREMENT=44 DEFAULT CHARSET=utf8mb4 COLLATE=utf8mb4_0900_ai_ci;

--
-- Déchargement des données de la table `items`
--

INSERT INTO `items` (`Id_Item`, `nom`, `image`, `active`) VALUES
(1, 'Corne de vorquin en parfait état', 'https://render.worldofwarcraft.com/eu/icons/56/inv_10_specialization_leatherworking_pristinevorquinhorn_color2.jpg', 1),
(2, 'Dorade nageoire-des-îles', 'https://render.worldofwarcraft.com/eu/icons/56/inv_10_fishing_fishice_color2.jpg', 1),
(3, 'Bondisseur prismatique', 'https://render.worldofwarcraft.com/eu/icons/56/inv_misc_fish_92.jpg', 1),
(4, 'Batteur de magma', 'https://render.worldofwarcraft.com/eu/icons/56/inv_10_fishing_fishlava_color1.jpg', 1),
(5, 'Thon frimageoire gelé', 'https://render.worldofwarcraft.com/eu/icons/56/inv_10_fishing_fishice_color1.jpg', 1),
(6, 'Peau écailleuse lustrée Niveau 3', 'https://render.worldofwarcraft.com/eu/icons/56/inv_10_skinning_dragonscales_bronze.jpg', 1),
(7, 'Peau écailleuse lustrée Niveau 2', 'https://render.worldofwarcraft.com/eu/icons/56/inv_10_skinning_dragonscales_bronze.jpg', 1),
(8, 'Peau écailleuse lustrée Niveau 1', 'https://render.worldofwarcraft.com/eu/icons/56/inv_10_skinning_dragonscales_bronze.jpg', 1),
(9, 'Tendon de haut-trotteur', 'https://render.worldofwarcraft.com/eu/icons/56/inv_leatherworking_90_sinew.jpg', 1),
(10, 'Putréfaction agitée', 'https://render.worldofwarcraft.com/eu/icons/56/inv_10_elementalshardfoozles_decay.jpg', 1),
(11, 'Putréfaction éveillée', 'https://render.worldofwarcraft.com/eu/icons/56/inv_10_elementalcombinedfoozles_decay.jpg', 1),
(12, 'Givre éveillé', 'https://render.worldofwarcraft.com/eu/icons/56/inv_10_elementalcombinedfoozles_frost.jpg', 1),
(13, 'Givre agité', 'https://render.worldofwarcraft.com/eu/icons/56/inv_10_elementalshardfoozles_frost.jpg', 1),
(14, 'Œufs de basilic', 'https://render.worldofwarcraft.com/eu/icons/56/inv_falcosauregg_purple.jpg', 1),
(15, 'Hanneton de lave', 'https://render.worldofwarcraft.com/eu/icons/56/inv_inscription_pigment_bug04.jpg', 1),
(16, 'Écaille-de-tonnerre cacophonique', 'https://render.worldofwarcraft.com/eu/icons/56/inv_misc_rubysanctum1.jpg', 1),
(17, 'Peau imprégnée de feu', 'https://render.worldofwarcraft.com/eu/icons/56/inv_10_skinning_leather_curedleather_fire.jpg', 1),
(18, 'Terre agitée', 'https://render.worldofwarcraft.com/eu/icons/56/inv_10_elementalshardfoozles_earth.jpg', 1),
(19, 'Terre éveillée', 'https://render.worldofwarcraft.com/eu/icons/56/inv_10_elementalcombinedfoozles_earth.jpg', 1),
(20, 'Ordre éveillé', 'https://render.worldofwarcraft.com/eu/icons/56/inv_10_elementalcombinedfoozles_titan.jpg', 1),
(21, 'Ordre agité', 'https://render.worldofwarcraft.com/eu/icons/56/inv_10_elementalshardfoozles_titan.jpg', 1),
(22, 'Feu éveillé', 'https://render.worldofwarcraft.com/eu/icons/56/inv_10_elementalcombinedfoozles_fire.jpg', 1),
(23, 'Feu agité', 'https://render.worldofwarcraft.com/eu/icons/56/inv_10_elementalshardfoozles_fire.jpg', 1),
(24, 'Air éveillé', 'https://render.worldofwarcraft.com/eu/icons/56/inv_10_elementalcombinedfoozles_air.jpg', 1),
(25, 'Air agité', 'https://render.worldofwarcraft.com/eu/icons/56/inv_10_elementalshardfoozles_air.jpg', 1),
(26, 'Spores luisantes de Zaralek', 'https://render.worldofwarcraft.com/eu/icons/56/inv_10_gathering_bioluminescentspores_medium.jpg', 1),
(27, 'Grand banquet des Kalu’aks', 'https://render.worldofwarcraft.com/eu/icons/56/inv_cooking_10_grandbanquet.jpg', 1),
(28, 'Viande de Rohart séchée', 'https://render.worldofwarcraft.com/eu/icons/56/inv_misc_food_legion_driedmackerelstrips.jpg', 1),
(29, 'Spécialité maison de Gnolan', 'https://render.worldofwarcraft.com/eu/icons/56/inv_misc_food_154_fish_77.jpg', 1),
(30, 'Plumage chantevent', 'https://render.worldofwarcraft.com/eu/icons/56/inv_icon_feather01a.jpg', 1),
(31, 'Viande surgelée', 'https://render.worldofwarcraft.com/eu/icons/56/inv_misc_food_155_fish_78blue.jpg', 1),
(32, 'Essence d’ombreflamme', 'https://render.worldofwarcraft.com/eu/icons/56/inv_10_elementalcombinedfoozles_shadowflame.jpg', 1),
(33, 'Plume iridescente', 'https://render.worldofwarcraft.com/eu/icons/56/inv_icon_feather05d.jpg', 1),
(34, 'Cuir de rochecroc', 'https://render.worldofwarcraft.com/eu/icons/56/inv_misc_pelt_04.jpg', 1),
(35, 'Courroux éveillé', 'https://render.worldofwarcraft.com/eu/icons/56/inv_10_elementalcombinedfoozles_blood.jpg', 1),
(36, 'Courroux agité', 'https://render.worldofwarcraft.com/eu/icons/56/inv_10_elementalshardfoozles_blood.jpg', 1),
(43, 'Touffe de laine primordiale', 'https://render.worldofwarcraft.com/eu/icons/56/inv_misc_pelt_10.jpg', 1);

-- --------------------------------------------------------

--
-- Structure de la table `prix`
--

DROP TABLE IF EXISTS `prix`;
CREATE TABLE IF NOT EXISTS `prix` (
  `Id_Prix` int NOT NULL AUTO_INCREMENT,
  `Id_Item` int DEFAULT NULL,
  `Date` date DEFAULT NULL,
  `Prix` decimal(10,2) DEFAULT NULL,
  PRIMARY KEY (`Id_Prix`),
  KEY `Id_Item` (`Id_Item`)
) ENGINE=MyISAM AUTO_INCREMENT=4350 DEFAULT CHARSET=utf8mb4 COLLATE=utf8mb4_0900_ai_ci;

--
-- Déchargement des données de la table `prix`
--

INSERT INTO `prix` (`Id_Prix`, `Id_Item`, `Date`, `Prix`) VALUES
(1, 1, '2023-12-19', '79.98'),
(2, 1, '2023-12-20', '82.96'),
(3, 1, '2023-12-20', '82.96'),
(4, 1, '2023-12-21', '78.40'),
(5, 1, '2023-12-22', '78.98'),
(6, 1, '2023-12-22', '75.00'),
(7, 1, '2023-12-23', '74.94'),
(8, 1, '2023-12-24', '73.97'),
(9, 1, '2023-12-24', '71.94'),
(10, 1, '2023-12-25', '69.98'),
(11, 1, '2023-12-25', '68.94'),
(12, 2, '2023-12-19', '117.99'),
(13, 2, '2023-12-20', '112.99'),
(14, 2, '2023-12-20', '114.88'),
(15, 2, '2023-12-21', '107.48'),
(16, 2, '2023-12-22', '102.37'),
(17, 2, '2023-12-22', '90.68'),
(18, 2, '2023-12-23', '93.00'),
(19, 2, '2023-12-24', '93.90'),
(20, 2, '2023-12-24', '98.83'),
(21, 2, '2023-12-25', '88.25'),
(22, 2, '2023-12-25', '86.89'),
(23, 3, '2023-12-19', '45.99'),
(24, 3, '2023-12-20', '42.53'),
(25, 3, '2023-12-20', '45.98'),
(26, 3, '2023-12-21', '40.44'),
(27, 3, '2023-12-22', '40.35'),
(28, 3, '2023-12-22', '43.54'),
(29, 3, '2023-12-23', '42.11'),
(30, 3, '2023-12-24', '46.55'),
(31, 3, '2023-12-24', '47.99'),
(32, 3, '2023-12-25', '35.60'),
(33, 3, '2023-12-25', '33.00'),
(34, 4, '2023-12-19', '22.50'),
(35, 4, '2023-12-20', '19.99'),
(36, 4, '2023-12-20', '19.70'),
(37, 4, '2023-12-21', '20.49'),
(38, 4, '2023-12-22', '26.86'),
(39, 4, '2023-12-22', '24.01'),
(40, 4, '2023-12-23', '22.75'),
(41, 4, '2023-12-24', '22.10'),
(42, 4, '2023-12-24', '18.98'),
(43, 4, '2023-12-25', '19.97'),
(44, 4, '2023-12-25', '21.49'),
(45, 5, '2023-12-19', '28.00'),
(46, 5, '2023-12-20', '29.82'),
(47, 5, '2023-12-20', '29.50'),
(48, 5, '2023-12-21', '29.28'),
(49, 5, '2023-12-22', '29.00'),
(50, 5, '2023-12-22', '26.49'),
(51, 5, '2023-12-23', '26.55'),
(52, 5, '2023-12-24', '27.43'),
(53, 5, '2023-12-24', '27.42'),
(54, 5, '2023-12-25', '20.69'),
(55, 5, '2023-12-25', '28.00'),
(56, 6, '2023-12-19', '209.99'),
(57, 6, '2023-12-20', '249.98'),
(58, 6, '2023-12-20', '249.95'),
(59, 6, '2023-12-21', '383.99'),
(60, 6, '2023-12-22', '280.49'),
(61, 6, '2023-12-22', '265.94'),
(62, 6, '2023-12-23', '234.97'),
(63, 6, '2023-12-24', '220.00'),
(64, 6, '2023-12-24', '215.75'),
(65, 6, '2023-12-25', '216.55'),
(66, 6, '2023-12-25', '201.98'),
(67, 7, '2023-12-19', '127.99'),
(68, 7, '2023-12-20', '69.00'),
(69, 7, '2023-12-20', '62.97'),
(70, 7, '2023-12-21', '88.99'),
(71, 7, '2023-12-22', '97.78'),
(72, 7, '2023-12-22', '73.30'),
(73, 7, '2023-12-23', '65.99'),
(74, 7, '2023-12-24', '69.00'),
(75, 7, '2023-12-24', '64.99'),
(76, 7, '2023-12-25', '78.01'),
(77, 7, '2023-12-25', '63.88'),
(78, 8, '2023-12-19', '89.99'),
(79, 8, '2023-12-20', '66.32'),
(80, 8, '2023-12-20', '60.30'),
(81, 8, '2023-12-21', '79.88'),
(82, 8, '2023-12-22', '88.97'),
(83, 8, '2023-12-22', '72.45'),
(84, 8, '2023-12-23', '57.66'),
(85, 8, '2023-12-24', '59.99'),
(86, 8, '2023-12-24', '59.55'),
(87, 8, '2023-12-25', '65.00'),
(88, 8, '2023-12-25', '62.99'),
(89, 9, '2023-12-19', '537.00'),
(90, 9, '2023-12-20', '499.88'),
(91, 9, '2023-12-20', '499.98'),
(92, 9, '2023-12-21', '475.95'),
(93, 9, '2023-12-22', '495.93'),
(94, 9, '2023-12-22', '495.92'),
(95, 9, '2023-12-23', '447.98'),
(96, 9, '2023-12-24', '420.00'),
(97, 9, '2023-12-24', '447.98'),
(98, 9, '2023-12-25', '420.00'),
(99, 9, '2023-12-25', '420.00'),
(100, 10, '2023-12-19', '36.67'),
(101, 10, '2023-12-20', '37.00'),
(102, 10, '2023-12-20', '35.99'),
(103, 10, '2023-12-21', '37.00'),
(104, 10, '2023-12-22', '36.62'),
(105, 10, '2023-12-22', '37.38'),
(106, 10, '2023-12-23', '36.28'),
(107, 10, '2023-12-24', '36.80'),
(108, 10, '2023-12-24', '35.40'),
(109, 10, '2023-12-25', '34.39'),
(110, 10, '2023-12-25', '30.89'),
(111, 11, '2023-12-19', '374.92'),
(112, 11, '2023-12-20', '379.92'),
(113, 11, '2023-12-20', '365.05'),
(114, 11, '2023-12-21', '384.91'),
(115, 11, '2023-12-22', '380.89'),
(116, 11, '2023-12-22', '380.00'),
(117, 11, '2023-12-23', '379.00'),
(118, 11, '2023-12-24', '376.65'),
(119, 11, '2023-12-24', '355.00'),
(120, 11, '2023-12-25', '324.00'),
(121, 11, '2023-12-25', '309.98'),
(122, 12, '2023-12-19', '164.93'),
(123, 12, '2023-12-20', '157.67'),
(124, 12, '2023-12-20', '157.74'),
(125, 12, '2023-12-21', '148.85'),
(126, 12, '2023-12-22', '140.84'),
(127, 12, '2023-12-22', '146.98'),
(128, 12, '2023-12-23', '144.37'),
(129, 12, '2023-12-24', '139.60'),
(130, 12, '2023-12-24', '135.00'),
(131, 12, '2023-12-25', '132.96'),
(132, 12, '2023-12-25', '129.99'),
(133, 13, '2023-12-19', '16.32'),
(134, 13, '2023-12-20', '15.59'),
(135, 13, '2023-12-20', '15.54'),
(136, 13, '2023-12-21', '14.98'),
(137, 13, '2023-12-22', '14.68'),
(138, 13, '2023-12-22', '14.69'),
(139, 13, '2023-12-23', '14.63'),
(140, 13, '2023-12-24', '13.78'),
(141, 13, '2023-12-24', '12.90'),
(142, 13, '2023-12-25', '13.19'),
(143, 13, '2023-12-25', '12.85'),
(144, 14, '2023-12-19', '18.50'),
(145, 14, '2023-12-20', '11.99'),
(146, 14, '2023-12-20', '11.59'),
(147, 14, '2023-12-21', '11.49'),
(148, 14, '2023-12-22', '14.62'),
(149, 14, '2023-12-22', '13.75'),
(150, 14, '2023-12-23', '13.69'),
(151, 14, '2023-12-24', '12.94'),
(152, 14, '2023-12-24', '12.77'),
(153, 14, '2023-12-25', '12.38'),
(154, 14, '2023-12-25', '12.00'),
(155, 15, '2023-12-19', '3.11'),
(156, 15, '2023-12-20', '2.20'),
(157, 15, '2023-12-20', '2.09'),
(158, 15, '2023-12-21', '3.05'),
(159, 15, '2023-12-22', '3.01'),
(160, 15, '2023-12-22', '1.88'),
(161, 15, '2023-12-23', '2.50'),
(162, 15, '2023-12-24', '2.77'),
(163, 15, '2023-12-24', '2.55'),
(164, 15, '2023-12-25', '2.21'),
(165, 15, '2023-12-25', '2.24'),
(166, 16, '2023-12-19', '18.00'),
(167, 16, '2023-12-20', '19.00'),
(168, 16, '2023-12-20', '21.96'),
(169, 16, '2023-12-21', '21.84'),
(170, 16, '2023-12-22', '20.00'),
(171, 16, '2023-12-22', '20.00'),
(172, 16, '2023-12-23', '18.26'),
(173, 16, '2023-12-24', '15.00'),
(174, 16, '2023-12-24', '14.77'),
(175, 16, '2023-12-25', '14.78'),
(176, 16, '2023-12-25', '14.78'),
(177, 17, '2023-12-19', '2.40'),
(178, 17, '2023-12-20', '4.70'),
(179, 17, '2023-12-21', '4.31'),
(180, 17, '2023-12-22', '3.99'),
(181, 17, '2023-12-22', '4.40'),
(182, 17, '2023-12-23', '3.42'),
(183, 17, '2023-12-24', '3.19'),
(184, 17, '2023-12-24', '1.99'),
(185, 17, '2023-12-25', '2.66'),
(186, 17, '2023-12-25', '2.90'),
(187, 18, '2023-12-19', '11.00'),
(188, 18, '2023-12-20', '10.00'),
(189, 18, '2023-12-20', '10.08'),
(190, 18, '2023-12-21', '9.39'),
(191, 18, '2023-12-22', '9.67'),
(192, 18, '2023-12-22', '9.44'),
(193, 18, '2023-12-23', '8.40'),
(194, 18, '2023-12-24', '7.80'),
(195, 18, '2023-12-24', '7.70'),
(196, 18, '2023-12-25', '6.59'),
(197, 18, '2023-12-25', '6.47'),
(198, 19, '2023-12-19', '116.10'),
(199, 19, '2023-12-20', '106.64'),
(200, 19, '2023-12-20', '106.63'),
(201, 19, '2023-12-21', '100.98'),
(202, 19, '2023-12-22', '98.96'),
(203, 19, '2023-12-22', '97.83'),
(204, 19, '2023-12-23', '84.15'),
(205, 19, '2023-12-24', '80.97'),
(206, 19, '2023-12-24', '75.00'),
(207, 19, '2023-12-25', '70.00'),
(208, 19, '2023-12-25', '72.00'),
(209, 20, '2023-12-19', '368.95'),
(210, 20, '2023-12-20', '392.00'),
(211, 20, '2023-12-20', '392.00'),
(212, 20, '2023-12-21', '368.91'),
(213, 20, '2023-12-22', '351.99'),
(214, 20, '2023-12-22', '354.49'),
(215, 20, '2023-12-23', '357.42'),
(216, 20, '2023-12-24', '364.00'),
(217, 20, '2023-12-24', '342.95'),
(218, 20, '2023-12-25', '328.98'),
(219, 20, '2023-12-25', '329.62'),
(220, 21, '2023-12-19', '33.88'),
(221, 21, '2023-12-20', '37.84'),
(222, 21, '2023-12-20', '37.93'),
(223, 21, '2023-12-21', '36.56'),
(224, 21, '2023-12-22', '34.48'),
(225, 21, '2023-12-22', '34.20'),
(226, 21, '2023-12-23', '34.90'),
(227, 21, '2023-12-24', '35.97'),
(228, 21, '2023-12-24', '33.27'),
(229, 21, '2023-12-25', '32.00'),
(230, 21, '2023-12-25', '31.97'),
(231, 22, '2023-12-19', '137.99'),
(232, 22, '2023-12-20', '134.80'),
(233, 22, '2023-12-20', '136.34'),
(234, 22, '2023-12-21', '132.75'),
(235, 22, '2023-12-22', '120.00'),
(236, 22, '2023-12-22', '117.97'),
(237, 22, '2023-12-23', '105.54'),
(238, 22, '2023-12-24', '100.90'),
(239, 22, '2023-12-24', '88.00'),
(240, 22, '2023-12-25', '89.99'),
(241, 22, '2023-12-25', '85.97'),
(242, 23, '2023-12-19', '13.43'),
(243, 23, '2023-12-20', '12.20'),
(244, 23, '2023-12-20', '12.70'),
(245, 23, '2023-12-21', '12.55'),
(246, 23, '2023-12-22', '11.79'),
(247, 23, '2023-12-22', '11.21'),
(248, 23, '2023-12-23', '10.00'),
(249, 23, '2023-12-24', '9.63'),
(250, 23, '2023-12-24', '8.93'),
(251, 23, '2023-12-25', '8.90'),
(252, 23, '2023-12-25', '8.00'),
(253, 24, '2023-12-19', '164.84'),
(254, 24, '2023-12-20', '170.21'),
(255, 24, '2023-12-20', '161.98'),
(256, 24, '2023-12-21', '166.84'),
(257, 24, '2023-12-22', '165.00'),
(258, 24, '2023-12-22', '168.86'),
(259, 24, '2023-12-23', '162.98'),
(260, 24, '2023-12-24', '160.70'),
(261, 24, '2023-12-24', '155.00'),
(262, 24, '2023-12-25', '145.10'),
(263, 24, '2023-12-25', '156.29'),
(264, 25, '2023-12-19', '15.99'),
(265, 25, '2023-12-20', '16.00'),
(266, 25, '2023-12-20', '16.00'),
(267, 25, '2023-12-21', '15.99'),
(268, 25, '2023-12-22', '15.98'),
(269, 25, '2023-12-22', '15.99'),
(270, 25, '2023-12-23', '15.75'),
(271, 25, '2023-12-24', '15.99'),
(272, 25, '2023-12-24', '15.89'),
(273, 25, '2023-12-25', '15.71'),
(274, 25, '2023-12-25', '15.54'),
(275, 26, '2023-12-20', '17.11'),
(276, 26, '2023-12-20', '17.00'),
(277, 26, '2023-12-21', '16.67'),
(278, 26, '2023-12-22', '17.21'),
(279, 26, '2023-12-22', '17.17'),
(280, 26, '2023-12-23', '15.89'),
(281, 26, '2023-12-24', '16.61'),
(282, 26, '2023-12-24', '15.22'),
(283, 26, '2023-12-25', '14.78'),
(284, 26, '2023-12-25', '14.00'),
(285, 27, '2023-12-20', '240.00'),
(286, 27, '2023-12-20', '240.00'),
(287, 27, '2023-12-21', '236.36'),
(288, 27, '2023-12-22', '234.98'),
(289, 27, '2023-12-22', '234.47'),
(290, 27, '2023-12-23', '222.89'),
(291, 27, '2023-12-24', '233.49'),
(292, 27, '2023-12-24', '225.09'),
(293, 27, '2023-12-25', '198.93'),
(294, 27, '2023-12-25', '199.99'),
(295, 28, '2023-12-20', '105.70'),
(296, 28, '2023-12-20', '109.99'),
(297, 28, '2023-12-21', '190.00'),
(298, 28, '2023-12-22', '151.00'),
(299, 28, '2023-12-22', '151.00'),
(300, 28, '2023-12-23', '120.00'),
(301, 28, '2023-12-24', '260.44'),
(302, 28, '2023-12-24', '150.00'),
(303, 28, '2023-12-25', '129.89'),
(304, 28, '2023-12-25', '138.99'),
(305, 29, '2023-12-20', '178.99'),
(306, 29, '2023-12-20', '171.98'),
(307, 29, '2023-12-21', '170.79'),
(308, 29, '2023-12-22', '156.96'),
(309, 29, '2023-12-22', '156.96'),
(310, 29, '2023-12-23', '288.90'),
(311, 29, '2023-12-24', '259.95'),
(312, 29, '2023-12-24', '150.99'),
(313, 29, '2023-12-25', '187.98'),
(314, 29, '2023-12-25', '184.00'),
(315, 30, '2023-12-20', '150.00'),
(316, 30, '2023-12-21', '152.87'),
(317, 30, '2023-12-22', '152.82'),
(318, 30, '2023-12-22', '150.83'),
(319, 30, '2023-12-23', '152.79'),
(320, 30, '2023-12-24', '152.78'),
(321, 30, '2023-12-24', '152.60'),
(322, 30, '2023-12-25', '149.92'),
(323, 30, '2023-12-25', '149.79'),
(325, 5, '2023-12-27', '27.15'),
(326, 4, '2023-12-27', '25.24'),
(327, 3, '2023-12-27', '40.49'),
(328, 2, '2023-12-27', '81.88'),
(329, 1, '2023-12-27', '64.97'),
(324, 31, '2023-12-25', '155.00'),
(342, 31, '2023-12-25', '136.99'),
(341, 31, '2023-12-24', '139.99'),
(340, 31, '2023-12-24', '155.00'),
(339, 31, '2023-12-23', '129.94'),
(349, 6, '2023-12-27', '243.00'),
(350, 7, '2023-12-27', '64.99'),
(351, 8, '2023-12-27', '64.00'),
(352, 9, '2023-12-27', '509.00'),
(353, 10, '2023-12-27', '30.91'),
(354, 11, '2023-12-27', '329.92'),
(355, 12, '2023-12-27', '104.95'),
(356, 13, '2023-12-27', '11.21'),
(357, 14, '2023-12-27', '11.39'),
(358, 15, '2023-12-27', '2.02'),
(359, 16, '2023-12-27', '13.29'),
(360, 17, '2023-12-27', '2.94'),
(361, 18, '2023-12-27', '8.00'),
(362, 19, '2023-12-27', '91.85'),
(363, 20, '2023-12-27', '356.90'),
(364, 21, '2023-12-27', '34.91'),
(365, 22, '2023-12-27', '96.75'),
(366, 23, '2023-12-27', '9.20'),
(367, 24, '2023-12-27', '153.00'),
(368, 25, '2023-12-27', '15.33'),
(369, 26, '2023-12-27', '14.25'),
(370, 27, '2023-12-27', '199.89'),
(371, 28, '2023-12-27', '193.95'),
(372, 29, '2023-12-27', '248.97'),
(373, 30, '2023-12-27', '149.61'),
(374, 31, '2023-12-27', '150.55'),
(455, 16, '2023-12-28', '13.00'),
(454, 15, '2023-12-28', '1.99'),
(453, 14, '2023-12-28', '10.57'),
(452, 13, '2023-12-28', '14.44'),
(451, 12, '2023-12-28', '145.74'),
(450, 11, '2023-12-28', '316.00'),
(449, 10, '2023-12-28', '31.64'),
(448, 9, '2023-12-28', '500.00'),
(447, 8, '2023-12-28', '59.00'),
(446, 7, '2023-12-28', '59.47'),
(445, 6, '2023-12-28', '228.94'),
(444, 5, '2023-12-28', '23.64'),
(443, 4, '2023-12-28', '21.95'),
(442, 3, '2023-12-28', '38.00'),
(441, 2, '2023-12-28', '96.03'),
(440, 1, '2023-12-28', '57.88'),
(473, 3, '2023-12-29', '38.22'),
(472, 2, '2023-12-29', '83.87'),
(471, 1, '2023-12-29', '53.00'),
(470, 31, '2023-12-28', '148.90'),
(469, 30, '2023-12-28', '170.00'),
(468, 29, '2023-12-28', '190.00'),
(467, 28, '2023-12-28', '140.48'),
(466, 27, '2023-12-28', '194.79'),
(465, 26, '2023-12-28', '16.27'),
(464, 25, '2023-12-28', '15.33'),
(463, 24, '2023-12-28', '165.27'),
(462, 23, '2023-12-28', '8.65'),
(461, 22, '2023-12-28', '92.00'),
(460, 21, '2023-12-28', '32.75'),
(459, 20, '2023-12-28', '334.97'),
(458, 19, '2023-12-28', '97.45'),
(457, 18, '2023-12-28', '9.22'),
(456, 17, '2023-12-28', '3.14'),
(474, 4, '2023-12-29', '21.59'),
(475, 5, '2023-12-29', '23.75'),
(476, 6, '2023-12-29', '207.01'),
(477, 7, '2023-12-29', '64.00'),
(478, 8, '2023-12-29', '55.00'),
(479, 9, '2023-12-29', '448.00'),
(480, 10, '2023-12-29', '33.87'),
(481, 11, '2023-12-29', '376.01'),
(482, 12, '2023-12-29', '133.68'),
(483, 13, '2023-12-29', '13.47'),
(484, 14, '2023-12-29', '10.36'),
(485, 15, '2023-12-29', '1.59'),
(486, 16, '2023-12-29', '10.99'),
(487, 17, '2023-12-29', '2.80'),
(488, 18, '2023-12-29', '9.47'),
(489, 19, '2023-12-29', '94.55'),
(490, 20, '2023-12-29', '356.44'),
(491, 21, '2023-12-29', '33.50'),
(492, 22, '2023-12-29', '92.00'),
(493, 23, '2023-12-29', '8.49'),
(494, 24, '2023-12-29', '155.55'),
(495, 25, '2023-12-29', '15.33'),
(496, 26, '2023-12-29', '15.13'),
(497, 27, '2023-12-29', '194.02'),
(498, 28, '2023-12-29', '94.00'),
(499, 29, '2023-12-29', '165.87'),
(500, 30, '2023-12-29', '274.95'),
(501, 31, '2023-12-29', '148.00'),
(502, 5, '2023-12-30', '25.92'),
(503, 2, '2023-12-30', '89.91'),
(504, 3, '2023-12-30', '38.35'),
(505, 4, '2023-12-30', '28.80'),
(506, 6, '2023-12-30', '185.99'),
(507, 8, '2023-12-30', '60.43'),
(508, 7, '2023-12-30', '50.50'),
(509, 9, '2023-12-30', '399.99'),
(510, 10, '2023-12-30', '31.00'),
(511, 11, '2023-12-30', '320.99'),
(512, 12, '2023-12-30', '128.75'),
(513, 13, '2023-12-30', '12.75'),
(514, 14, '2023-12-30', '10.23'),
(515, 15, '2023-12-30', '1.87'),
(516, 16, '2023-12-30', '12.95'),
(517, 17, '2023-12-30', '2.99'),
(518, 19, '2023-12-30', '87.90'),
(519, 20, '2023-12-30', '339.00'),
(520, 22, '2023-12-30', '93.50'),
(521, 23, '2023-12-30', '9.05'),
(522, 24, '2023-12-30', '181.01'),
(523, 25, '2023-12-30', '15.32'),
(524, 26, '2023-12-30', '15.29'),
(525, 27, '2023-12-30', '197.78'),
(526, 28, '2023-12-30', '221.73'),
(527, 29, '2023-12-30', '168.33'),
(528, 30, '2023-12-30', '245.99'),
(529, 1, '2023-12-30', '45.44'),
(530, 31, '2023-12-30', '139.99'),
(531, 18, '2023-12-30', '8.19'),
(532, 21, '2023-12-30', '32.88'),
(533, 1, '2023-12-31', '43.41'),
(534, 2, '2023-12-31', '82.99'),
(535, 3, '2023-12-31', '32.42'),
(536, 4, '2023-12-31', '22.80'),
(537, 5, '2023-12-31', '24.34'),
(538, 6, '2023-12-31', '194.97'),
(539, 7, '2023-12-31', '77.51'),
(540, 8, '2023-12-31', '63.00'),
(541, 9, '2023-12-31', '399.94'),
(542, 10, '2023-12-31', '36.95'),
(543, 11, '2023-12-31', '329.67'),
(544, 12, '2023-12-31', '118.97'),
(545, 13, '2023-12-31', '12.60'),
(546, 14, '2023-12-31', '10.11'),
(547, 15, '2023-12-31', '1.74'),
(548, 16, '2023-12-31', '11.35'),
(549, 17, '2023-12-31', '1.89'),
(550, 18, '2023-12-31', '7.00'),
(551, 19, '2023-12-31', '80.45'),
(552, 20, '2023-12-31', '342.94'),
(553, 21, '2023-12-31', '32.94'),
(554, 22, '2023-12-31', '88.00'),
(555, 23, '2023-12-31', '7.89'),
(556, 24, '2023-12-31', '159.85'),
(557, 25, '2023-12-31', '15.32'),
(558, 26, '2023-12-31', '15.23'),
(559, 27, '2023-12-31', '194.00'),
(560, 28, '2023-12-31', '183.15'),
(561, 29, '2023-12-31', '220.00'),
(562, 30, '2023-12-31', '244.00'),
(563, 31, '2023-12-31', '226.78'),
(564, 1, '2024-01-01', '45.39'),
(565, 2, '2024-01-01', '80.50'),
(566, 3, '2024-01-01', '34.40'),
(567, 4, '2024-01-01', '21.00'),
(568, 5, '2024-01-01', '24.00'),
(569, 6, '2024-01-01', '282.25'),
(570, 8, '2024-01-01', '150.04'),
(571, 7, '2024-01-01', '83.99'),
(572, 9, '2024-01-01', '499.99'),
(573, 10, '2024-01-01', '33.88'),
(574, 11, '2024-01-01', '330.89'),
(575, 12, '2024-01-01', '118.76'),
(576, 13, '2024-01-01', '12.09'),
(577, 14, '2024-01-01', '10.00'),
(578, 15, '2024-01-01', '2.53'),
(579, 16, '2024-01-01', '11.88'),
(580, 17, '2024-01-01', '2.53'),
(581, 18, '2024-01-01', '8.32'),
(582, 19, '2024-01-01', '82.87'),
(583, 20, '2024-01-01', '319.00'),
(584, 21, '2024-01-01', '31.70'),
(585, 22, '2024-01-01', '86.00'),
(586, 23, '2024-01-01', '6.70'),
(587, 24, '2024-01-01', '163.41'),
(588, 25, '2024-01-01', '16.40'),
(589, 26, '2024-01-01', '15.42'),
(590, 27, '2024-01-01', '190.50'),
(591, 28, '2024-01-01', '175.00'),
(592, 29, '2024-01-01', '194.00'),
(593, 30, '2024-01-01', '430.00'),
(594, 31, '2024-01-01', '177.97'),
(595, 1, '2024-01-02', '55.43'),
(596, 2, '2024-01-02', '71.85'),
(597, 3, '2024-01-02', '35.00'),
(598, 4, '2024-01-02', '18.00'),
(599, 5, '2024-01-02', '25.00'),
(600, 6, '2024-01-02', '319.98'),
(601, 7, '2024-01-02', '228.65'),
(602, 8, '2024-01-02', '115.19'),
(603, 9, '2024-01-02', '520.49'),
(604, 10, '2024-01-02', '27.00'),
(605, 11, '2024-01-02', '339.85'),
(606, 12, '2024-01-02', '124.98'),
(607, 13, '2024-01-02', '12.91'),
(608, 14, '2024-01-02', '10.05'),
(609, 15, '2024-01-02', '1.43'),
(610, 16, '2024-01-02', '10.99'),
(611, 17, '2024-01-02', '2.20'),
(612, 18, '2024-01-02', '8.00'),
(613, 19, '2024-01-02', '98.29'),
(614, 20, '2024-01-02', '309.24'),
(615, 21, '2024-01-02', '25.83'),
(616, 22, '2024-01-02', '87.99'),
(617, 23, '2024-01-02', '8.38'),
(618, 24, '2024-01-02', '199.85'),
(619, 25, '2024-01-02', '19.90'),
(620, 26, '2024-01-02', '15.36'),
(621, 27, '2024-01-02', '187.99'),
(622, 28, '2024-01-02', '144.04'),
(623, 29, '2024-01-02', '150.00'),
(624, 30, '2024-01-02', '269.62'),
(625, 31, '2024-01-02', '155.99'),
(626, 1, '2024-01-03', '52.79'),
(627, 2, '2024-01-03', '90.49'),
(628, 3, '2024-01-03', '33.94'),
(629, 4, '2024-01-03', '20.99'),
(630, 5, '2024-01-03', '25.75'),
(631, 6, '2024-01-03', '340.00'),
(632, 7, '2024-01-03', '105.89'),
(633, 8, '2024-01-03', '105.00'),
(634, 9, '2024-01-03', '500.00'),
(635, 10, '2024-01-03', '29.80'),
(636, 11, '2024-01-03', '338.95'),
(637, 12, '2024-01-03', '128.41'),
(638, 13, '2024-01-03', '12.81'),
(639, 14, '2024-01-03', '10.99'),
(640, 15, '2024-01-03', '1.69'),
(641, 16, '2024-01-03', '6.00'),
(642, 17, '2024-01-03', '2.44'),
(643, 18, '2024-01-03', '8.14'),
(644, 19, '2024-01-03', '85.00'),
(645, 20, '2024-01-03', '318.41'),
(646, 21, '2024-01-03', '30.73'),
(647, 22, '2024-01-03', '112.81'),
(648, 23, '2024-01-03', '10.66'),
(649, 24, '2024-01-03', '198.89'),
(650, 25, '2024-01-03', '19.79'),
(651, 26, '2024-01-03', '15.60'),
(652, 27, '2024-01-03', '187.45'),
(653, 28, '2024-01-03', '120.98'),
(654, 29, '2024-01-03', '154.00'),
(655, 30, '2024-01-03', '230.00'),
(656, 31, '2024-01-03', '159.92'),
(657, 1, '2024-01-04', '52.74'),
(658, 2, '2024-01-04', '83.30'),
(659, 3, '2024-01-04', '36.99'),
(660, 4, '2024-01-04', '22.95'),
(661, 5, '2024-01-04', '23.87'),
(662, 6, '2024-01-04', '266.99'),
(663, 7, '2024-01-04', '85.00'),
(664, 8, '2024-01-04', '70.00'),
(665, 9, '2024-01-04', '505.00'),
(666, 10, '2024-01-04', '31.61'),
(667, 11, '2024-01-04', '320.53'),
(668, 12, '2024-01-04', '126.69'),
(669, 13, '2024-01-04', '12.33'),
(670, 14, '2024-01-04', '10.10'),
(671, 15, '2024-01-04', '1.39'),
(672, 16, '2024-01-04', '18.25'),
(673, 17, '2024-01-04', '2.00'),
(674, 18, '2024-01-04', '9.44'),
(675, 19, '2024-01-04', '94.45'),
(676, 20, '2024-01-04', '313.60'),
(677, 21, '2024-01-04', '30.99'),
(678, 22, '2024-01-04', '112.83'),
(679, 23, '2024-01-04', '11.33'),
(680, 24, '2024-01-04', '213.64'),
(681, 25, '2024-01-04', '21.90'),
(682, 26, '2024-01-04', '15.98'),
(683, 27, '2024-01-04', '289.47'),
(684, 28, '2024-01-04', '270.00'),
(685, 29, '2024-01-04', '169.14'),
(686, 30, '2024-01-04', '192.92'),
(687, 31, '2024-01-04', '155.97'),
(688, 1, '2024-01-05', '52.77'),
(689, 2, '2024-01-05', '88.80'),
(690, 3, '2024-01-05', '27.50'),
(691, 4, '2024-01-05', '42.11'),
(692, 5, '2024-01-05', '20.11'),
(693, 6, '2024-01-05', '200.00'),
(694, 7, '2024-01-05', '175.98'),
(695, 8, '2024-01-05', '79.88'),
(696, 9, '2024-01-05', '800.90'),
(697, 10, '2024-01-05', '31.84'),
(698, 11, '2024-01-05', '339.90'),
(699, 12, '2024-01-05', '122.99'),
(700, 13, '2024-01-05', '11.99'),
(701, 14, '2024-01-05', '10.17'),
(702, 15, '2024-01-05', '1.82'),
(703, 16, '2024-01-05', '15.00'),
(704, 17, '2024-01-05', '2.00'),
(705, 18, '2024-01-05', '8.41'),
(706, 19, '2024-01-05', '90.09'),
(707, 20, '2024-01-05', '324.95'),
(708, 21, '2024-01-05', '31.96'),
(709, 22, '2024-01-05', '135.10'),
(710, 23, '2024-01-05', '12.38'),
(711, 24, '2024-01-05', '208.64'),
(712, 25, '2024-01-05', '20.98'),
(713, 26, '2024-01-05', '15.48'),
(714, 27, '2024-01-05', '184.97'),
(715, 28, '2024-01-05', '159.99'),
(716, 29, '2024-01-05', '152.99'),
(717, 30, '2024-01-05', '190.00'),
(718, 31, '2024-01-05', '195.98'),
(719, 1, '2024-01-06', '48.00'),
(720, 2, '2024-01-06', '84.62'),
(721, 3, '2024-01-06', '31.99'),
(722, 4, '2024-01-06', '22.98'),
(723, 5, '2024-01-06', '19.40'),
(724, 6, '2024-01-06', '199.99'),
(725, 8, '2024-01-06', '72.00'),
(726, 7, '2024-01-06', '69.58'),
(727, 9, '2024-01-06', '712.00'),
(728, 10, '2024-01-06', '32.95'),
(729, 11, '2024-01-06', '325.15'),
(730, 12, '2024-01-06', '117.96'),
(731, 13, '2024-01-06', '11.96'),
(732, 14, '2024-01-06', '9.84'),
(733, 15, '2024-01-06', '1.62'),
(734, 16, '2024-01-06', '21.26'),
(735, 17, '2024-01-06', '2.45'),
(736, 18, '2024-01-06', '8.25'),
(737, 19, '2024-01-06', '85.64'),
(738, 20, '2024-01-06', '311.00'),
(739, 21, '2024-01-06', '30.45'),
(740, 22, '2024-01-06', '120.05'),
(741, 23, '2024-01-06', '12.21'),
(742, 24, '2024-01-06', '200.55'),
(743, 25, '2024-01-06', '20.33'),
(744, 26, '2024-01-06', '15.57'),
(745, 27, '2024-01-06', '184.87'),
(746, 28, '2024-01-06', '142.00'),
(747, 29, '2024-01-06', '178.99'),
(748, 30, '2024-01-06', '164.91'),
(749, 31, '2024-01-06', '164.95'),
(750, 1, '2024-01-07', '46.97'),
(751, 2, '2024-01-07', '84.00'),
(752, 3, '2024-01-07', '29.50'),
(753, 4, '2024-01-07', '20.35'),
(754, 5, '2024-01-07', '19.60'),
(755, 6, '2024-01-07', '199.90'),
(756, 7, '2024-01-07', '63.09'),
(757, 8, '2024-01-07', '62.99'),
(758, 9, '2024-01-07', '664.00'),
(759, 10, '2024-01-07', '32.98'),
(760, 11, '2024-01-07', '327.62'),
(761, 12, '2024-01-07', '114.23'),
(762, 13, '2024-01-07', '11.68'),
(763, 14, '2024-01-07', '10.08'),
(764, 15, '2024-01-07', '1.70'),
(765, 16, '2024-01-07', '14.88'),
(766, 17, '2024-01-07', '1.75'),
(767, 18, '2024-01-07', '9.61'),
(768, 19, '2024-01-07', '102.45'),
(769, 20, '2024-01-07', '312.90'),
(770, 21, '2024-01-07', '28.00'),
(771, 22, '2024-01-07', '115.63'),
(772, 23, '2024-01-07', '11.33'),
(773, 24, '2024-01-07', '220.00'),
(774, 25, '2024-01-07', '20.60'),
(775, 26, '2024-01-07', '15.83'),
(776, 27, '2024-01-07', '209.95'),
(777, 28, '2024-01-07', '174.30'),
(778, 29, '2024-01-07', '160.65'),
(779, 30, '2024-01-07', '160.00'),
(780, 31, '2024-01-07', '160.00'),
(781, 32, '2024-01-07', '2390.00'),
(782, 33, '2024-01-07', '65.00'),
(783, 34, '2024-01-07', '85.13'),
(784, 35, '2024-01-07', '160.00'),
(785, 36, '2024-01-07', '14.93'),
(786, 1, '2024-01-08', '46.93'),
(787, 2, '2024-01-08', '84.44'),
(788, 3, '2024-01-08', '26.00'),
(789, 4, '2024-01-08', '18.98'),
(790, 5, '2024-01-08', '19.00'),
(791, 6, '2024-01-08', '202.44'),
(792, 7, '2024-01-08', '67.98'),
(793, 8, '2024-01-08', '66.90'),
(794, 9, '2024-01-08', '500.95'),
(795, 10, '2024-01-08', '30.97'),
(796, 11, '2024-01-08', '315.46'),
(797, 12, '2024-01-08', '101.04'),
(798, 13, '2024-01-08', '7.28'),
(799, 14, '2024-01-08', '10.67'),
(800, 15, '2024-01-08', '1.57'),
(801, 16, '2024-01-08', '12.92'),
(802, 17, '2024-01-08', '2.00'),
(803, 18, '2024-01-08', '5.00'),
(804, 19, '2024-01-08', '95.50'),
(805, 20, '2024-01-08', '306.00'),
(806, 21, '2024-01-08', '29.40'),
(807, 22, '2024-01-08', '102.78'),
(808, 23, '2024-01-08', '5.46'),
(809, 24, '2024-01-08', '200.00'),
(810, 25, '2024-01-08', '20.00'),
(811, 26, '2024-01-08', '15.37'),
(812, 27, '2024-01-08', '186.97'),
(813, 28, '2024-01-08', '139.22'),
(814, 29, '2024-01-08', '149.80'),
(815, 30, '2024-01-08', '154.89'),
(816, 31, '2024-01-08', '177.98'),
(817, 32, '2024-01-08', '2376.00'),
(818, 33, '2024-01-08', '79.64'),
(819, 34, '2024-01-08', '87.13'),
(820, 35, '2024-01-08', '156.98'),
(821, 36, '2024-01-08', '9.60'),
(822, 1, '2024-01-09', '42.42'),
(823, 2, '2024-01-09', '84.49'),
(824, 3, '2024-01-09', '32.00'),
(825, 4, '2024-01-09', '44.94'),
(826, 5, '2024-01-09', '17.64'),
(827, 6, '2024-01-09', '180.00'),
(828, 7, '2024-01-09', '80.00'),
(829, 8, '2024-01-09', '74.17'),
(830, 9, '2024-01-09', '489.99'),
(831, 10, '2024-01-09', '31.50'),
(832, 11, '2024-01-09', '338.48'),
(833, 12, '2024-01-09', '100.28'),
(834, 13, '2024-01-09', '9.96'),
(835, 14, '2024-01-09', '10.87'),
(836, 15, '2024-01-09', '1.62'),
(837, 16, '2024-01-09', '9.98'),
(838, 17, '2024-01-09', '1.49'),
(839, 18, '2024-01-09', '9.90'),
(840, 19, '2024-01-09', '99.49'),
(841, 20, '2024-01-09', '311.49'),
(842, 21, '2024-01-09', '30.00'),
(843, 22, '2024-01-09', '99.96'),
(844, 23, '2024-01-09', '9.39'),
(845, 24, '2024-01-09', '214.38'),
(846, 25, '2024-01-09', '20.76'),
(847, 26, '2024-01-09', '15.29'),
(848, 27, '2024-01-09', '199.37'),
(849, 28, '2024-01-09', '140.00'),
(850, 29, '2024-01-09', '137.75'),
(851, 30, '2024-01-09', '172.99'),
(852, 31, '2024-01-09', '150.00'),
(853, 32, '2024-01-09', '2375.00'),
(854, 33, '2024-01-09', '63.99'),
(855, 34, '2024-01-09', '91.55'),
(856, 35, '2024-01-09', '169.95'),
(857, 36, '2024-01-09', '16.80'),
(858, 1, '2024-01-10', '41.42'),
(859, 2, '2024-01-10', '87.30'),
(860, 3, '2024-01-10', '35.52'),
(861, 4, '2024-01-10', '20.98'),
(862, 5, '2024-01-10', '16.81'),
(863, 6, '2024-01-10', '270.67'),
(864, 7, '2024-01-10', '75.95'),
(865, 8, '2024-01-10', '69.00'),
(866, 9, '2024-01-10', '489.69'),
(867, 10, '2024-01-10', '30.89'),
(868, 11, '2024-01-10', '300.00'),
(869, 12, '2024-01-10', '100.00'),
(870, 13, '2024-01-10', '10.29'),
(871, 14, '2024-01-10', '10.35'),
(872, 15, '2024-01-10', '1.60'),
(873, 16, '2024-01-10', '9.99'),
(874, 17, '2024-01-10', '1.90'),
(875, 18, '2024-01-10', '8.90'),
(876, 19, '2024-01-10', '112.09'),
(877, 20, '2024-01-10', '308.94'),
(878, 21, '2024-01-10', '30.14'),
(879, 22, '2024-01-10', '120.58'),
(880, 23, '2024-01-10', '11.39'),
(881, 24, '2024-01-10', '185.87'),
(882, 25, '2024-01-10', '20.00'),
(883, 26, '2024-01-10', '14.98'),
(884, 27, '2024-01-10', '175.50'),
(885, 28, '2024-01-10', '109.24'),
(886, 29, '2024-01-10', '129.88'),
(887, 30, '2024-01-10', '326.00'),
(888, 31, '2024-01-10', '129.59'),
(889, 32, '2024-01-10', '2478.99'),
(890, 33, '2024-01-10', '62.99'),
(891, 34, '2024-01-10', '85.00'),
(892, 35, '2024-01-10', '160.00'),
(893, 36, '2024-01-10', '16.75'),
(894, 1, '2024-01-11', '40.98'),
(895, 2, '2024-01-11', '90.78'),
(896, 3, '2024-01-11', '27.98'),
(897, 4, '2024-01-11', '29.99'),
(898, 5, '2024-01-11', '21.75'),
(899, 6, '2024-01-11', '229.75'),
(900, 7, '2024-01-11', '73.00'),
(901, 8, '2024-01-11', '68.98'),
(902, 9, '2024-01-11', '488.68'),
(903, 10, '2024-01-11', '31.00'),
(904, 11, '2024-01-11', '314.01'),
(905, 12, '2024-01-11', '96.71'),
(906, 13, '2024-01-11', '10.03'),
(907, 14, '2024-01-11', '8.00'),
(908, 15, '2024-01-11', '1.42'),
(909, 16, '2024-01-11', '11.40'),
(910, 17, '2024-01-11', '1.80'),
(911, 18, '2024-01-11', '11.00'),
(912, 19, '2024-01-11', '121.94'),
(913, 20, '2024-01-11', '303.99'),
(914, 21, '2024-01-11', '29.12'),
(915, 22, '2024-01-11', '118.47'),
(916, 23, '2024-01-11', '11.00'),
(917, 24, '2024-01-11', '189.74'),
(918, 25, '2024-01-11', '19.05'),
(919, 26, '2024-01-11', '15.35'),
(920, 27, '2024-01-11', '200.80'),
(921, 28, '2024-01-11', '102.85'),
(922, 29, '2024-01-11', '150.00'),
(923, 30, '2024-01-11', '220.47'),
(924, 31, '2024-01-11', '122.50'),
(925, 32, '2024-01-11', '2570.00'),
(926, 33, '2024-01-11', '69.00'),
(927, 34, '2024-01-11', '91.00'),
(928, 35, '2024-01-11', '157.32'),
(929, 36, '2024-01-11', '15.00'),
(930, 1, '2024-01-12', '38.95'),
(931, 2, '2024-01-12', '85.63'),
(932, 3, '2024-01-12', '30.95'),
(933, 4, '2024-01-12', '22.24'),
(934, 5, '2024-01-12', '19.10'),
(935, 6, '2024-01-12', '192.45'),
(936, 7, '2024-01-12', '73.89'),
(937, 8, '2024-01-12', '67.00'),
(938, 9, '2024-01-12', '600.67'),
(939, 10, '2024-01-12', '30.80'),
(940, 11, '2024-01-12', '311.95'),
(941, 12, '2024-01-12', '94.93'),
(942, 13, '2024-01-12', '9.35'),
(943, 14, '2024-01-12', '9.22'),
(944, 15, '2024-01-12', '1.60'),
(945, 16, '2024-01-12', '46.36'),
(946, 17, '2024-01-12', '1.70'),
(947, 18, '2024-01-12', '11.35'),
(948, 19, '2024-01-12', '114.82'),
(949, 20, '2024-01-12', '298.47'),
(950, 21, '2024-01-12', '29.19'),
(951, 22, '2024-01-12', '108.00'),
(952, 23, '2024-01-12', '9.40'),
(953, 24, '2024-01-12', '186.32'),
(954, 25, '2024-01-12', '17.09'),
(955, 26, '2024-01-12', '15.09'),
(956, 27, '2024-01-12', '181.00'),
(957, 28, '2024-01-12', '118.88'),
(958, 29, '2024-01-12', '130.00'),
(959, 30, '2024-01-12', '203.95'),
(960, 31, '2024-01-12', '129.93'),
(961, 32, '2024-01-12', '2548.99'),
(962, 33, '2024-01-12', '62.74'),
(963, 34, '2024-01-12', '91.47'),
(964, 35, '2024-01-12', '171.66'),
(965, 36, '2024-01-12', '15.30'),
(966, 1, '2024-01-13', '35.94'),
(967, 2, '2024-01-13', '82.22'),
(968, 3, '2024-01-13', '27.13'),
(969, 4, '2024-01-13', '19.94'),
(970, 5, '2024-01-13', '17.27'),
(971, 6, '2024-01-13', '187.00'),
(972, 7, '2024-01-13', '68.95'),
(973, 8, '2024-01-13', '68.89'),
(974, 9, '2024-01-13', '556.99'),
(975, 10, '2024-01-13', '29.76'),
(976, 11, '2024-01-13', '303.90'),
(977, 12, '2024-01-13', '92.45'),
(978, 13, '2024-01-13', '9.00'),
(979, 14, '2024-01-13', '8.92'),
(980, 15, '2024-01-13', '1.41'),
(981, 16, '2024-01-13', '19.23'),
(982, 17, '2024-01-13', '1.70'),
(983, 18, '2024-01-13', '10.87'),
(984, 19, '2024-01-13', '116.58'),
(985, 20, '2024-01-13', '287.08'),
(986, 21, '2024-01-13', '25.00'),
(987, 22, '2024-01-13', '100.01'),
(988, 23, '2024-01-13', '9.67'),
(989, 24, '2024-01-13', '183.75'),
(990, 25, '2024-01-13', '18.75'),
(991, 26, '2024-01-13', '15.05'),
(992, 27, '2024-01-13', '172.94'),
(993, 28, '2024-01-13', '118.50'),
(994, 29, '2024-01-13', '145.89'),
(995, 30, '2024-01-13', '191.99'),
(996, 31, '2024-01-13', '137.99'),
(997, 32, '2024-01-13', '2449.00'),
(998, 33, '2024-01-13', '75.06'),
(999, 34, '2024-01-13', '140.80'),
(1000, 35, '2024-01-13', '163.00'),
(1001, 36, '2024-01-13', '15.98'),
(1002, 1, '2024-01-14', '31.99'),
(1003, 2, '2024-01-14', '81.41'),
(1004, 3, '2024-01-14', '28.35'),
(1005, 4, '2024-01-14', '18.00'),
(1006, 5, '2024-01-14', '19.00'),
(1007, 6, '2024-01-14', '186.81'),
(1008, 8, '2024-01-14', '74.99'),
(1009, 7, '2024-01-14', '70.97'),
(1010, 9, '2024-01-14', '553.98'),
(1011, 10, '2024-01-14', '27.14'),
(1012, 11, '2024-01-14', '289.96'),
(1013, 12, '2024-01-14', '110.92'),
(1014, 13, '2024-01-14', '12.24'),
(1015, 14, '2024-01-14', '8.50'),
(1016, 15, '2024-01-14', '1.30'),
(1017, 16, '2024-01-14', '11.25'),
(1018, 17, '2024-01-14', '1.89'),
(1019, 18, '2024-01-14', '12.60'),
(1020, 19, '2024-01-14', '127.00'),
(1021, 20, '2024-01-14', '291.72'),
(1022, 21, '2024-01-14', '28.19'),
(1023, 22, '2024-01-14', '117.97'),
(1024, 23, '2024-01-14', '11.00'),
(1025, 24, '2024-01-14', '179.47'),
(1026, 25, '2024-01-14', '18.10'),
(1027, 26, '2024-01-14', '15.44'),
(1028, 27, '2024-01-14', '172.52'),
(1029, 28, '2024-01-14', '99.91'),
(1030, 29, '2024-01-14', '143.00'),
(1031, 30, '2024-01-14', '189.83'),
(1032, 31, '2024-01-14', '140.74'),
(1033, 32, '2024-01-14', '2533.99'),
(1034, 33, '2024-01-14', '60.31'),
(1035, 34, '2024-01-14', '112.86'),
(1036, 35, '2024-01-14', '165.20'),
(1037, 36, '2024-01-14', '16.29'),
(1038, 1, '2024-01-15', '31.46'),
(1039, 2, '2024-01-15', '81.00'),
(1040, 3, '2024-01-15', '27.09'),
(1041, 4, '2024-01-15', '18.00'),
(1042, 5, '2024-01-15', '17.00'),
(1043, 6, '2024-01-15', '150.00'),
(1044, 8, '2024-01-15', '58.99'),
(1045, 7, '2024-01-15', '56.50'),
(1046, 9, '2024-01-15', '499.00'),
(1047, 10, '2024-01-15', '27.20'),
(1048, 11, '2024-01-15', '279.40'),
(1049, 12, '2024-01-15', '98.85'),
(1050, 13, '2024-01-15', '9.67'),
(1051, 14, '2024-01-15', '8.00'),
(1052, 15, '2024-01-15', '1.20'),
(1053, 16, '2024-01-15', '11.43'),
(1054, 17, '2024-01-15', '1.55'),
(1055, 18, '2024-01-15', '11.98'),
(1056, 19, '2024-01-15', '122.85'),
(1057, 20, '2024-01-15', '292.97'),
(1058, 21, '2024-01-15', '27.62'),
(1059, 22, '2024-01-15', '100.95'),
(1060, 23, '2024-01-15', '10.00'),
(1061, 24, '2024-01-15', '169.34'),
(1062, 25, '2024-01-15', '17.00'),
(1063, 26, '2024-01-15', '15.47'),
(1064, 27, '2024-01-15', '171.98'),
(1065, 28, '2024-01-15', '80.01'),
(1066, 29, '2024-01-15', '125.00'),
(1067, 30, '2024-01-15', '160.00'),
(1068, 31, '2024-01-15', '148.25'),
(1069, 32, '2024-01-15', '2590.99'),
(1070, 33, '2024-01-15', '62.49'),
(1071, 34, '2024-01-15', '90.00'),
(1072, 35, '2024-01-15', '158.91'),
(1073, 36, '2024-01-15', '15.68'),
(1074, 1, '2024-01-16', '31.31'),
(1075, 2, '2024-01-16', '84.25'),
(1076, 3, '2024-01-16', '26.23'),
(1077, 4, '2024-01-16', '17.44'),
(1078, 5, '2024-01-16', '19.69'),
(1079, 6, '2024-01-16', '139.86'),
(1080, 7, '2024-01-16', '79.00'),
(1081, 8, '2024-01-16', '74.00'),
(1082, 9, '2024-01-16', '350.00'),
(1083, 10, '2024-01-16', '26.00'),
(1084, 11, '2024-01-16', '279.00'),
(1085, 12, '2024-01-16', '96.48'),
(1086, 13, '2024-01-16', '4.70'),
(1087, 14, '2024-01-16', '8.29'),
(1088, 15, '2024-01-16', '1.05'),
(1089, 16, '2024-01-16', '9.95'),
(1090, 17, '2024-01-16', '1.56'),
(1091, 18, '2024-01-16', '11.09'),
(1092, 19, '2024-01-16', '117.35'),
(1093, 20, '2024-01-16', '278.49'),
(1094, 21, '2024-01-16', '27.00'),
(1095, 22, '2024-01-16', '100.85'),
(1096, 23, '2024-01-16', '9.00'),
(1097, 24, '2024-01-16', '157.98'),
(1098, 25, '2024-01-16', '14.99'),
(1099, 26, '2024-01-16', '14.85'),
(1100, 27, '2024-01-16', '165.00'),
(1101, 28, '2024-01-16', '69.74'),
(1102, 29, '2024-01-16', '135.05'),
(1103, 30, '2024-01-16', '137.00'),
(1104, 31, '2024-01-16', '155.00'),
(1105, 32, '2024-01-16', '2475.98'),
(1106, 33, '2024-01-16', '50.00'),
(1107, 34, '2024-01-16', '75.00'),
(1108, 35, '2024-01-16', '164.89'),
(1109, 36, '2024-01-16', '16.05'),
(1110, 1, '2024-01-17', '29.98'),
(1111, 2, '2024-01-17', '82.92'),
(1112, 3, '2024-01-17', '30.79'),
(1113, 4, '2024-01-17', '13.90'),
(1114, 5, '2024-01-17', '17.99'),
(1115, 6, '2024-01-17', '147.00'),
(1116, 8, '2024-01-17', '53.00'),
(1117, 7, '2024-01-17', '51.00'),
(1118, 9, '2024-01-17', '497.70'),
(1119, 10, '2024-01-17', '26.94'),
(1120, 11, '2024-01-17', '277.50'),
(1121, 12, '2024-01-17', '96.42'),
(1122, 13, '2024-01-17', '9.68'),
(1123, 14, '2024-01-17', '9.48'),
(1124, 15, '2024-01-17', '1.04'),
(1125, 16, '2024-01-17', '8.88'),
(1126, 17, '2024-01-17', '1.34'),
(1127, 18, '2024-01-17', '12.25'),
(1128, 19, '2024-01-17', '135.00'),
(1129, 20, '2024-01-17', '303.71'),
(1130, 21, '2024-01-17', '29.00'),
(1131, 22, '2024-01-17', '109.09'),
(1132, 23, '2024-01-17', '10.38'),
(1133, 24, '2024-01-17', '156.00'),
(1134, 25, '2024-01-17', '15.00'),
(1135, 26, '2024-01-17', '14.95'),
(1136, 27, '2024-01-17', '170.90'),
(1137, 28, '2024-01-17', '90.08'),
(1138, 29, '2024-01-17', '129.80'),
(1139, 30, '2024-01-17', '138.00'),
(1140, 31, '2024-01-17', '154.99'),
(1141, 32, '2024-01-17', '1999.00'),
(1142, 33, '2024-01-17', '54.70'),
(1143, 34, '2024-01-17', '89.00'),
(1144, 35, '2024-01-17', '164.98'),
(1145, 36, '2024-01-17', '14.96'),
(1146, 1, '2024-01-18', '21.80'),
(1147, 2, '2024-01-18', '79.00'),
(1148, 3, '2024-01-18', '27.00'),
(1149, 4, '2024-01-18', '16.68'),
(1150, 5, '2024-01-18', '17.46'),
(1151, 6, '2024-01-18', '136.97'),
(1152, 8, '2024-01-18', '53.63'),
(1153, 7, '2024-01-18', '43.53'),
(1154, 9, '2024-01-18', '497.70'),
(1155, 10, '2024-01-18', '24.93'),
(1156, 11, '2024-01-18', '269.74'),
(1157, 12, '2024-01-18', '105.94'),
(1158, 13, '2024-01-18', '5.00'),
(1159, 14, '2024-01-18', '8.96'),
(1160, 15, '2024-01-18', '1.07'),
(1161, 16, '2024-01-18', '8.00'),
(1162, 17, '2024-01-18', '1.47'),
(1163, 18, '2024-01-18', '16.17'),
(1164, 19, '2024-01-18', '166.48'),
(1165, 20, '2024-01-18', '288.88'),
(1166, 21, '2024-01-18', '27.39'),
(1167, 22, '2024-01-18', '123.98'),
(1168, 23, '2024-01-18', '12.24'),
(1169, 24, '2024-01-18', '149.98'),
(1170, 25, '2024-01-18', '15.18'),
(1171, 26, '2024-01-18', '15.00'),
(1172, 27, '2024-01-18', '164.49'),
(1173, 28, '2024-01-18', '90.00'),
(1174, 29, '2024-01-18', '129.47'),
(1175, 30, '2024-01-18', '330.00'),
(1176, 31, '2024-01-18', '180.70'),
(1177, 32, '2024-01-18', '3000.00'),
(1178, 33, '2024-01-18', '50.00'),
(1179, 34, '2024-01-18', '85.69'),
(1180, 35, '2024-01-18', '172.97'),
(1181, 36, '2024-01-18', '15.50'),
(1182, 1, '2024-01-19', '20.58'),
(1183, 2, '2024-01-19', '74.82'),
(1184, 3, '2024-01-19', '28.90'),
(1185, 4, '2024-01-19', '15.88'),
(1186, 5, '2024-01-19', '16.98'),
(1187, 6, '2024-01-19', '123.99'),
(1188, 8, '2024-01-19', '49.98'),
(1189, 7, '2024-01-19', '47.53'),
(1190, 9, '2024-01-19', '497.70'),
(1191, 10, '2024-01-19', '26.30'),
(1192, 11, '2024-01-19', '269.50'),
(1193, 12, '2024-01-19', '102.47'),
(1194, 13, '2024-01-19', '9.95'),
(1195, 14, '2024-01-19', '8.00'),
(1196, 15, '2024-01-19', '0.80'),
(1197, 16, '2024-01-19', '13.38'),
(1198, 17, '2024-01-19', '1.00'),
(1199, 18, '2024-01-19', '14.00'),
(1200, 19, '2024-01-19', '149.99'),
(1201, 20, '2024-01-19', '268.73'),
(1202, 21, '2024-01-19', '25.20'),
(1203, 22, '2024-01-19', '102.99'),
(1204, 23, '2024-01-19', '9.68'),
(1205, 24, '2024-01-19', '147.77'),
(1206, 25, '2024-01-19', '15.64'),
(1207, 26, '2024-01-19', '14.09'),
(1208, 27, '2024-01-19', '159.95'),
(1209, 28, '2024-01-19', '84.00'),
(1210, 29, '2024-01-19', '174.00'),
(1211, 30, '2024-01-19', '221.76'),
(1212, 31, '2024-01-19', '160.99'),
(1213, 32, '2024-01-19', '2500.00'),
(1214, 33, '2024-01-19', '42.68'),
(1215, 34, '2024-01-19', '80.00'),
(1216, 35, '2024-01-19', '170.00'),
(1217, 36, '2024-01-19', '10.19'),
(1218, 1, '2024-01-21', '17.97'),
(1219, 2, '2024-01-21', '72.00'),
(1220, 3, '2024-01-21', '25.00'),
(1221, 4, '2024-01-21', '23.98'),
(1222, 5, '2024-01-21', '17.22'),
(1223, 6, '2024-01-21', '110.90'),
(1224, 8, '2024-01-21', '43.00'),
(1225, 7, '2024-01-21', '42.51'),
(1226, 9, '2024-01-21', '490.89'),
(1227, 10, '2024-01-21', '21.00'),
(1228, 11, '2024-01-21', '248.69'),
(1229, 12, '2024-01-21', '93.65'),
(1230, 13, '2024-01-21', '9.44'),
(1231, 14, '2024-01-21', '7.44'),
(1232, 15, '2024-01-21', '0.77'),
(1233, 16, '2024-01-21', '7.00'),
(1234, 17, '2024-01-21', '1.00'),
(1235, 18, '2024-01-21', '12.33'),
(1236, 19, '2024-01-21', '129.16'),
(1237, 20, '2024-01-21', '270.83'),
(1238, 21, '2024-01-21', '24.82'),
(1239, 22, '2024-01-21', '107.00'),
(1240, 23, '2024-01-21', '5.07'),
(1241, 24, '2024-01-21', '142.10'),
(1242, 25, '2024-01-21', '15.35'),
(1243, 26, '2024-01-21', '15.11'),
(1244, 27, '2024-01-21', '153.93'),
(1245, 28, '2024-01-21', '100.00'),
(1246, 29, '2024-01-21', '159.99'),
(1247, 30, '2024-01-21', '162.00'),
(1248, 31, '2024-01-21', '156.99'),
(1249, 32, '2024-01-21', '3066.98'),
(1250, 33, '2024-01-21', '81.98'),
(1251, 34, '2024-01-21', '65.00'),
(1252, 35, '2024-01-21', '166.84'),
(1253, 36, '2024-01-21', '7.55'),
(1254, 1, '2024-01-21', '30.99'),
(1255, 2, '2024-01-21', '70.99'),
(1256, 3, '2024-01-21', '26.20'),
(1257, 4, '2024-01-21', '23.11'),
(1258, 5, '2024-01-21', '17.21'),
(1259, 6, '2024-01-21', '144.98'),
(1260, 8, '2024-01-21', '46.99'),
(1261, 7, '2024-01-21', '45.97'),
(1262, 9, '2024-01-21', '489.18'),
(1263, 10, '2024-01-21', '21.00'),
(1264, 11, '2024-01-21', '240.80'),
(1265, 12, '2024-01-21', '97.67'),
(1266, 13, '2024-01-21', '8.99'),
(1267, 14, '2024-01-21', '7.29'),
(1268, 15, '2024-01-21', '1.00'),
(1269, 16, '2024-01-21', '6.85'),
(1270, 17, '2024-01-21', '1.26'),
(1271, 18, '2024-01-21', '10.00'),
(1272, 19, '2024-01-21', '126.77'),
(1273, 20, '2024-01-21', '233.00'),
(1274, 21, '2024-01-21', '19.96'),
(1275, 22, '2024-01-21', '99.99'),
(1276, 23, '2024-01-21', '9.25'),
(1277, 24, '2024-01-21', '138.98'),
(1278, 25, '2024-01-21', '14.02'),
(1279, 26, '2024-01-21', '14.98'),
(1280, 27, '2024-01-21', '170.47'),
(1281, 28, '2024-01-21', '181.98'),
(1282, 29, '2024-01-21', '158.00'),
(1283, 30, '2024-01-21', '157.41'),
(1284, 31, '2024-01-21', '143.55'),
(1285, 32, '2024-01-21', '3056.00'),
(1286, 33, '2024-01-21', '56.99'),
(1287, 34, '2024-01-21', '59.90'),
(1288, 35, '2024-01-21', '160.00'),
(1289, 36, '2024-01-21', '10.00'),
(1290, 1, '2024-01-22', '15.88'),
(1291, 2, '2024-01-22', '70.33'),
(1292, 3, '2024-01-22', '32.53'),
(1293, 4, '2024-01-22', '19.00'),
(1294, 5, '2024-01-22', '16.24'),
(1295, 6, '2024-01-22', '134.75'),
(1296, 7, '2024-01-22', '41.25'),
(1297, 8, '2024-01-22', '40.00'),
(1298, 9, '2024-01-22', '450.00'),
(1299, 10, '2024-01-22', '22.26'),
(1300, 11, '2024-01-22', '233.83'),
(1301, 12, '2024-01-22', '93.33'),
(1302, 13, '2024-01-22', '9.14'),
(1303, 14, '2024-01-22', '7.20'),
(1304, 15, '2024-01-22', '0.87'),
(1305, 16, '2024-01-22', '7.70'),
(1306, 17, '2024-01-22', '1.29'),
(1307, 18, '2024-01-22', '11.60'),
(1308, 19, '2024-01-22', '119.90'),
(1309, 20, '2024-01-22', '206.00'),
(1310, 21, '2024-01-22', '18.00'),
(1311, 22, '2024-01-22', '94.00'),
(1312, 23, '2024-01-22', '9.05'),
(1313, 24, '2024-01-22', '128.18'),
(1314, 25, '2024-01-22', '13.89'),
(1315, 26, '2024-01-22', '14.85'),
(1316, 27, '2024-01-22', '162.65'),
(1317, 28, '2024-01-22', '118.99'),
(1318, 29, '2024-01-22', '145.78'),
(1319, 30, '2024-01-22', '143.88'),
(1320, 31, '2024-01-22', '116.00'),
(1321, 32, '2024-01-22', '3019.80'),
(1322, 33, '2024-01-22', '49.00'),
(1323, 34, '2024-01-22', '63.50'),
(1324, 35, '2024-01-22', '149.99'),
(1325, 36, '2024-01-22', '15.80'),
(1326, 1, '2024-01-23', '13.34'),
(1327, 2, '2024-01-23', '67.38'),
(1328, 3, '2024-01-23', '25.73'),
(1329, 4, '2024-01-23', '17.20'),
(1330, 5, '2024-01-23', '14.99'),
(1331, 6, '2024-01-23', '160.00'),
(1332, 7, '2024-01-23', '37.64'),
(1333, 8, '2024-01-23', '35.05'),
(1334, 9, '2024-01-23', '450.00'),
(1335, 10, '2024-01-23', '21.36'),
(1336, 11, '2024-01-23', '225.00'),
(1337, 12, '2024-01-23', '85.98'),
(1338, 13, '2024-01-23', '8.50'),
(1339, 14, '2024-01-23', '6.66'),
(1340, 15, '2024-01-23', '0.77'),
(1341, 16, '2024-01-23', '6.35'),
(1342, 17, '2024-01-23', '1.10'),
(1343, 18, '2024-01-23', '10.57'),
(1344, 19, '2024-01-23', '112.94'),
(1345, 20, '2024-01-23', '214.00'),
(1346, 21, '2024-01-23', '20.47'),
(1347, 22, '2024-01-23', '93.93'),
(1348, 23, '2024-01-23', '8.71'),
(1349, 24, '2024-01-23', '118.56'),
(1350, 25, '2024-01-23', '12.18'),
(1351, 26, '2024-01-23', '14.07'),
(1352, 27, '2024-01-23', '143.99'),
(1353, 28, '2024-01-23', '105.00'),
(1354, 29, '2024-01-23', '130.00'),
(1355, 30, '2024-01-23', '133.99'),
(1356, 31, '2024-01-23', '111.00'),
(1357, 32, '2024-01-23', '3030.98'),
(1358, 33, '2024-01-23', '50.77'),
(1359, 34, '2024-01-23', '60.00'),
(1360, 35, '2024-01-23', '150.00'),
(1361, 36, '2024-01-23', '10.60'),
(1362, 1, '2024-01-24', '13.28'),
(1363, 2, '2024-01-24', '72.73'),
(1364, 3, '2024-01-24', '25.05'),
(1365, 4, '2024-01-24', '16.40'),
(1366, 5, '2024-01-24', '14.24'),
(1367, 6, '2024-01-24', '103.00'),
(1368, 7, '2024-01-24', '34.72'),
(1369, 8, '2024-01-24', '33.55'),
(1370, 9, '2024-01-24', '449.99'),
(1371, 10, '2024-01-24', '21.00'),
(1372, 11, '2024-01-24', '221.28'),
(1373, 12, '2024-01-24', '85.00'),
(1374, 13, '2024-01-24', '7.00'),
(1375, 14, '2024-01-24', '6.30'),
(1376, 15, '2024-01-24', '1.10'),
(1377, 16, '2024-01-24', '6.79'),
(1378, 17, '2024-01-24', '1.12'),
(1379, 18, '2024-01-24', '12.12'),
(1380, 19, '2024-01-24', '129.99'),
(1381, 20, '2024-01-24', '208.81'),
(1382, 21, '2024-01-24', '19.00'),
(1383, 22, '2024-01-24', '103.91'),
(1384, 23, '2024-01-24', '9.80'),
(1385, 24, '2024-01-24', '114.00'),
(1386, 25, '2024-01-24', '12.00'),
(1387, 26, '2024-01-24', '13.73'),
(1388, 27, '2024-01-24', '170.00'),
(1389, 28, '2024-01-24', '93.00'),
(1390, 29, '2024-01-24', '120.00'),
(1391, 30, '2024-01-24', '128.99'),
(1392, 31, '2024-01-24', '108.98'),
(1393, 32, '2024-01-24', '3000.00'),
(1394, 33, '2024-01-24', '48.00'),
(1395, 34, '2024-01-24', '68.94'),
(1396, 35, '2024-01-24', '160.00'),
(1397, 36, '2024-01-24', '11.00'),
(1398, 1, '2024-01-28', '21.50'),
(1399, 2, '2024-01-28', '63.26'),
(1400, 3, '2024-01-28', '23.45'),
(1401, 4, '2024-01-28', '51.91'),
(1402, 5, '2024-01-28', '16.25'),
(1403, 6, '2024-01-28', '121.36'),
(1404, 7, '2024-01-28', '39.14'),
(1405, 8, '2024-01-28', '35.00'),
(1406, 9, '2024-01-28', '437.97'),
(1407, 10, '2024-01-28', '19.80'),
(1408, 11, '2024-01-28', '202.84'),
(1409, 12, '2024-01-28', '65.98'),
(1410, 13, '2024-01-28', '6.78'),
(1411, 14, '2024-01-28', '5.27'),
(1412, 15, '2024-01-28', '0.94'),
(1413, 16, '2024-01-28', '5.41'),
(1414, 17, '2024-01-28', '0.75'),
(1415, 18, '2024-01-28', '9.87'),
(1416, 19, '2024-01-28', '98.98'),
(1417, 20, '2024-01-28', '203.52'),
(1418, 21, '2024-01-28', '19.49'),
(1419, 22, '2024-01-28', '80.68'),
(1420, 23, '2024-01-28', '8.00'),
(1421, 24, '2024-01-28', '89.97'),
(1422, 25, '2024-01-28', '9.40'),
(1423, 26, '2024-01-28', '10.95'),
(1424, 27, '2024-01-28', '154.47'),
(1425, 28, '2024-01-28', '96.90'),
(1426, 29, '2024-01-28', '139.00'),
(1427, 30, '2024-01-28', '102.00'),
(1428, 31, '2024-01-28', '126.98'),
(1429, 32, '2024-01-28', '3588.00'),
(1430, 33, '2024-01-28', '57.25'),
(1431, 34, '2024-01-28', '59.00'),
(1432, 35, '2024-01-28', '155.00'),
(1433, 36, '2024-01-28', '11.00'),
(1434, 1, '2024-01-29', '16.24'),
(1435, 2, '2024-01-29', '62.00'),
(1436, 3, '2024-01-29', '21.93'),
(1437, 4, '2024-01-29', '20.00'),
(1438, 5, '2024-01-29', '17.50'),
(1439, 6, '2024-01-29', '109.00'),
(1440, 8, '2024-01-29', '34.99'),
(1441, 7, '2024-01-29', '32.94'),
(1442, 9, '2024-01-29', '417.99'),
(1443, 10, '2024-01-29', '18.99'),
(1444, 11, '2024-01-29', '201.85'),
(1445, 12, '2024-01-29', '60.99'),
(1446, 13, '2024-01-29', '6.08'),
(1447, 14, '2024-01-29', '5.75'),
(1448, 15, '2024-01-29', '0.84'),
(1449, 16, '2024-01-29', '4.99'),
(1450, 17, '2024-01-29', '0.88'),
(1451, 18, '2024-01-29', '9.43'),
(1452, 19, '2024-01-29', '92.42'),
(1453, 20, '2024-01-29', '199.47'),
(1454, 21, '2024-01-29', '19.00'),
(1455, 22, '2024-01-29', '73.63'),
(1456, 23, '2024-01-29', '7.20'),
(1457, 24, '2024-01-29', '76.50'),
(1458, 25, '2024-01-29', '8.67'),
(1459, 26, '2024-01-29', '10.44'),
(1460, 27, '2024-01-29', '139.63'),
(1461, 28, '2024-01-29', '87.08'),
(1462, 29, '2024-01-29', '133.00'),
(1463, 30, '2024-01-29', '99.96'),
(1464, 31, '2024-01-29', '100.00'),
(1465, 32, '2024-01-29', '3495.66'),
(1466, 33, '2024-01-29', '49.85'),
(1467, 34, '2024-01-29', '59.00'),
(1468, 35, '2024-01-29', '160.00'),
(1469, 36, '2024-01-29', '15.05'),
(1470, 1, '2024-01-30', '12.50'),
(1471, 2, '2024-01-30', '64.92'),
(1472, 3, '2024-01-30', '19.99'),
(1473, 4, '2024-01-30', '19.95'),
(1474, 5, '2024-01-30', '17.00'),
(1475, 6, '2024-01-30', '120.00'),
(1476, 8, '2024-01-30', '35.97'),
(1477, 7, '2024-01-30', '34.95'),
(1478, 9, '2024-01-30', '397.97'),
(1479, 10, '2024-01-30', '19.00'),
(1480, 11, '2024-01-30', '199.97'),
(1481, 12, '2024-01-30', '64.69'),
(1482, 13, '2024-01-30', '6.00'),
(1483, 14, '2024-01-30', '5.00'),
(1484, 15, '2024-01-30', '0.64'),
(1485, 16, '2024-01-30', '3.97'),
(1486, 17, '2024-01-30', '1.16'),
(1487, 18, '2024-01-30', '8.00'),
(1488, 19, '2024-01-30', '89.82'),
(1489, 20, '2024-01-30', '189.08'),
(1490, 21, '2024-01-30', '18.93'),
(1491, 22, '2024-01-30', '67.23'),
(1492, 23, '2024-01-30', '6.36'),
(1493, 24, '2024-01-30', '71.49'),
(1494, 25, '2024-01-30', '7.40'),
(1495, 26, '2024-01-30', '9.00'),
(1496, 27, '2024-01-30', '130.31'),
(1497, 28, '2024-01-30', '84.37'),
(1498, 29, '2024-01-30', '125.53'),
(1499, 30, '2024-01-30', '89.00'),
(1500, 31, '2024-01-30', '115.34'),
(1501, 32, '2024-01-30', '3640.00'),
(1502, 33, '2024-01-30', '55.94'),
(1503, 34, '2024-01-30', '44.99'),
(1504, 35, '2024-01-30', '165.45'),
(1505, 36, '2024-01-30', '11.00'),
(1506, 1, '2024-01-30', '12.50'),
(1507, 2, '2024-01-30', '68.30'),
(1508, 3, '2024-01-30', '18.95'),
(1509, 4, '2024-01-30', '15.00'),
(1510, 5, '2024-01-30', '15.00'),
(1511, 6, '2024-01-30', '119.00'),
(1512, 8, '2024-01-30', '32.20'),
(1513, 7, '2024-01-30', '32.00'),
(1514, 9, '2024-01-30', '397.94'),
(1515, 10, '2024-01-30', '17.50'),
(1516, 11, '2024-01-30', '188.01'),
(1517, 12, '2024-01-30', '64.67'),
(1518, 13, '2024-01-30', '6.19'),
(1519, 14, '2024-01-30', '5.18'),
(1520, 15, '2024-01-30', '0.75'),
(1521, 16, '2024-01-30', '4.00'),
(1522, 17, '2024-01-30', '1.16'),
(1523, 18, '2024-01-30', '7.79'),
(1524, 19, '2024-01-30', '84.00'),
(1525, 20, '2024-01-30', '190.40'),
(1526, 21, '2024-01-30', '17.00'),
(1527, 22, '2024-01-30', '61.01'),
(1528, 23, '2024-01-30', '6.00'),
(1529, 24, '2024-01-30', '71.00'),
(1530, 25, '2024-01-30', '7.19'),
(1531, 26, '2024-01-30', '9.00'),
(1532, 27, '2024-01-30', '130.26'),
(1533, 28, '2024-01-30', '84.00'),
(1534, 29, '2024-01-30', '124.50'),
(1535, 30, '2024-01-30', '89.98'),
(1536, 31, '2024-01-30', '115.27'),
(1537, 32, '2024-01-30', '3400.00'),
(1538, 33, '2024-01-30', '54.00'),
(1539, 34, '2024-01-30', '45.00'),
(1540, 35, '2024-01-30', '165.83'),
(1541, 36, '2024-01-30', '11.00'),
(1542, 43, '2024-01-30', '135.00'),
(1543, 1, '2024-01-31', '11.00'),
(1544, 2, '2024-01-31', '62.79'),
(1545, 3, '2024-01-31', '23.50'),
(1546, 4, '2024-01-31', '20.36'),
(1547, 5, '2024-01-31', '18.00'),
(1548, 6, '2024-01-31', '190.46'),
(1549, 8, '2024-01-31', '40.20'),
(1550, 7, '2024-01-31', '38.95'),
(1551, 9, '2024-01-31', '359.99'),
(1552, 10, '2024-01-31', '17.00'),
(1553, 11, '2024-01-31', '183.00'),
(1554, 12, '2024-01-31', '86.91'),
(1555, 13, '2024-01-31', '7.90'),
(1556, 14, '2024-01-31', '5.03'),
(1557, 15, '2024-01-31', '0.63'),
(1558, 16, '2024-01-31', '4.48'),
(1559, 17, '2024-01-31', '1.17'),
(1560, 18, '2024-01-31', '9.99'),
(1561, 19, '2024-01-31', '109.68'),
(1562, 20, '2024-01-31', '182.48'),
(1563, 21, '2024-01-31', '15.00'),
(1564, 22, '2024-01-31', '74.01'),
(1565, 23, '2024-01-31', '6.80'),
(1566, 24, '2024-01-31', '84.88'),
(1567, 25, '2024-01-31', '7.96'),
(1568, 26, '2024-01-31', '9.86'),
(1569, 27, '2024-01-31', '133.50'),
(1570, 28, '2024-01-31', '87.68'),
(1571, 29, '2024-01-31', '109.85'),
(1572, 30, '2024-01-31', '84.96'),
(1573, 31, '2024-01-31', '97.98'),
(1574, 32, '2024-01-31', '3632.95'),
(1575, 33, '2024-01-31', '53.45'),
(1576, 34, '2024-01-31', '53.98'),
(1577, 35, '2024-01-31', '158.10'),
(1578, 36, '2024-01-31', '10.00'),
(1579, 43, '2024-01-31', '558.99'),
(1580, 1, '2024-02-01', '10.50'),
(1581, 2, '2024-02-01', '68.82'),
(1582, 3, '2024-02-01', '22.89'),
(1583, 4, '2024-02-01', '20.99'),
(1584, 5, '2024-02-01', '17.98'),
(1585, 6, '2024-02-01', '158.83'),
(1586, 8, '2024-02-01', '34.68'),
(1587, 7, '2024-02-01', '30.99'),
(1588, 9, '2024-02-01', '387.99'),
(1589, 10, '2024-02-01', '18.10'),
(1590, 11, '2024-02-01', '186.00'),
(1591, 12, '2024-02-01', '66.54'),
(1592, 13, '2024-02-01', '6.67'),
(1593, 14, '2024-02-01', '4.97'),
(1594, 15, '2024-02-01', '0.76'),
(1595, 16, '2024-02-01', '14.98'),
(1596, 17, '2024-02-01', '1.29'),
(1597, 18, '2024-02-01', '10.04'),
(1598, 19, '2024-02-01', '106.24'),
(1599, 20, '2024-02-01', '170.00'),
(1600, 21, '2024-02-01', '17.49'),
(1601, 22, '2024-02-01', '74.04'),
(1602, 23, '2024-02-01', '7.01'),
(1603, 24, '2024-02-01', '82.24'),
(1604, 25, '2024-02-01', '8.30'),
(1605, 26, '2024-02-01', '9.79'),
(1606, 27, '2024-02-01', '133.40'),
(1607, 28, '2024-02-01', '95.00'),
(1608, 29, '2024-02-01', '99.98'),
(1609, 30, '2024-02-01', '77.97'),
(1610, 31, '2024-02-01', '105.00'),
(1611, 32, '2024-02-01', '3520.96'),
(1612, 33, '2024-02-01', '71.28'),
(1613, 34, '2024-02-01', '52.90'),
(1614, 35, '2024-02-01', '162.46'),
(1615, 36, '2024-02-01', '11.00'),
(1616, 43, '2024-02-01', '294.24'),
(1617, 1, '2024-02-01', '10.50'),
(1618, 2, '2024-02-01', '63.00'),
(1619, 3, '2024-02-01', '21.94'),
(1620, 4, '2024-02-01', '21.22'),
(1621, 5, '2024-02-01', '17.39'),
(1622, 6, '2024-02-01', '134.97'),
(1623, 8, '2024-02-01', '32.75'),
(1624, 7, '2024-02-01', '31.99'),
(1625, 9, '2024-02-01', '386.00');
INSERT INTO `prix` (`Id_Prix`, `Id_Item`, `Date`, `Prix`) VALUES
(1626, 10, '2024-02-01', '17.09'),
(1627, 11, '2024-02-01', '175.00'),
(1628, 12, '2024-02-01', '66.63'),
(1629, 13, '2024-02-01', '6.63'),
(1630, 14, '2024-02-01', '4.95'),
(1631, 15, '2024-02-01', '0.76'),
(1632, 16, '2024-02-01', '7.21'),
(1633, 17, '2024-02-01', '0.97'),
(1634, 18, '2024-02-01', '10.00'),
(1635, 19, '2024-02-01', '106.20'),
(1636, 20, '2024-02-01', '180.77'),
(1637, 21, '2024-02-01', '17.43'),
(1638, 22, '2024-02-01', '73.94'),
(1639, 23, '2024-02-01', '6.91'),
(1640, 24, '2024-02-01', '106.11'),
(1641, 25, '2024-02-01', '12.05'),
(1642, 26, '2024-02-01', '9.58'),
(1643, 27, '2024-02-01', '133.18'),
(1644, 28, '2024-02-01', '84.07'),
(1645, 29, '2024-02-01', '109.00'),
(1646, 30, '2024-02-01', '83.88'),
(1647, 31, '2024-02-01', '107.18'),
(1648, 32, '2024-02-01', '3405.41'),
(1649, 33, '2024-02-01', '79.90'),
(1650, 34, '2024-02-01', '53.99'),
(1651, 35, '2024-02-01', '159.99'),
(1652, 36, '2024-02-01', '15.71'),
(1653, 43, '2024-02-01', '270.00'),
(1654, 1, '2024-02-02', '19.88'),
(1655, 2, '2024-02-02', '62.00'),
(1656, 3, '2024-02-02', '17.00'),
(1657, 4, '2024-02-02', '19.90'),
(1658, 5, '2024-02-02', '17.29'),
(1659, 6, '2024-02-02', '131.98'),
(1660, 8, '2024-02-02', '41.96'),
(1661, 7, '2024-02-02', '40.48'),
(1662, 9, '2024-02-02', '380.54'),
(1663, 10, '2024-02-02', '15.55'),
(1664, 11, '2024-02-02', '160.97'),
(1665, 12, '2024-02-02', '65.44'),
(1666, 13, '2024-02-02', '6.50'),
(1667, 14, '2024-02-02', '9.97'),
(1668, 15, '2024-02-02', '0.55'),
(1669, 16, '2024-02-02', '5.76'),
(1670, 17, '2024-02-02', '1.00'),
(1671, 18, '2024-02-02', '9.55'),
(1672, 19, '2024-02-02', '102.18'),
(1673, 20, '2024-02-02', '178.98'),
(1674, 21, '2024-02-02', '17.09'),
(1675, 22, '2024-02-02', '85.94'),
(1676, 23, '2024-02-02', '8.08'),
(1677, 24, '2024-02-02', '105.94'),
(1678, 25, '2024-02-02', '14.45'),
(1679, 26, '2024-02-02', '9.49'),
(1680, 27, '2024-02-02', '130.97'),
(1681, 28, '2024-02-02', '90.00'),
(1682, 29, '2024-02-02', '100.97'),
(1683, 30, '2024-02-02', '75.00'),
(1684, 31, '2024-02-02', '158.99'),
(1685, 32, '2024-02-02', '3750.00'),
(1686, 33, '2024-02-02', '72.27'),
(1687, 34, '2024-02-02', '64.24'),
(1688, 35, '2024-02-02', '155.00'),
(1689, 36, '2024-02-02', '15.25'),
(1690, 43, '2024-02-02', '230.00'),
(1691, 1, '2024-02-06', '10.91'),
(1692, 2, '2024-02-06', '65.99'),
(1693, 3, '2024-02-06', '17.99'),
(1694, 4, '2024-02-06', '17.98'),
(1695, 5, '2024-02-06', '19.20'),
(1696, 6, '2024-02-06', '117.61'),
(1697, 8, '2024-02-06', '46.00'),
(1698, 7, '2024-02-06', '44.49'),
(1699, 9, '2024-02-06', '444.99'),
(1700, 10, '2024-02-06', '16.80'),
(1701, 11, '2024-02-06', '159.70'),
(1702, 12, '2024-02-06', '65.99'),
(1703, 13, '2024-02-06', '6.85'),
(1704, 14, '2024-02-06', '5.00'),
(1705, 15, '2024-02-06', '0.40'),
(1706, 16, '2024-02-06', '4.90'),
(1707, 17, '2024-02-06', '1.24'),
(1708, 18, '2024-02-06', '8.62'),
(1709, 19, '2024-02-06', '86.59'),
(1710, 20, '2024-02-06', '150.31'),
(1711, 21, '2024-02-06', '16.27'),
(1712, 22, '2024-02-06', '52.00'),
(1713, 23, '2024-02-06', '5.68'),
(1714, 24, '2024-02-06', '79.98'),
(1715, 25, '2024-02-06', '11.10'),
(1716, 26, '2024-02-06', '8.25'),
(1717, 27, '2024-02-06', '121.92'),
(1718, 28, '2024-02-06', '69.28'),
(1719, 29, '2024-02-06', '87.20'),
(1720, 30, '2024-02-06', '81.95'),
(1721, 31, '2024-02-06', '120.44'),
(1722, 32, '2024-02-06', '3800.00'),
(1723, 33, '2024-02-06', '72.00'),
(1724, 34, '2024-02-06', '50.00'),
(1725, 35, '2024-02-06', '149.33'),
(1726, 36, '2024-02-06', '13.99'),
(1727, 43, '2024-02-06', '247.95'),
(1728, 1, '2024-02-07', '10.55'),
(1729, 2, '2024-02-07', '71.90'),
(1730, 3, '2024-02-07', '20.42'),
(1731, 4, '2024-02-07', '17.83'),
(1732, 5, '2024-02-07', '21.98'),
(1733, 6, '2024-02-07', '124.42'),
(1734, 8, '2024-02-07', '40.99'),
(1735, 7, '2024-02-07', '38.00'),
(1736, 9, '2024-02-07', '398.00'),
(1737, 10, '2024-02-07', '14.00'),
(1738, 11, '2024-02-07', '164.96'),
(1739, 12, '2024-02-07', '65.43'),
(1740, 13, '2024-02-07', '6.00'),
(1741, 14, '2024-02-07', '7.21'),
(1742, 15, '2024-02-07', '0.47'),
(1743, 16, '2024-02-07', '4.86'),
(1744, 17, '2024-02-07', '1.23'),
(1745, 18, '2024-02-07', '10.89'),
(1746, 19, '2024-02-07', '108.44'),
(1747, 20, '2024-02-07', '161.40'),
(1748, 21, '2024-02-07', '14.99'),
(1749, 22, '2024-02-07', '83.00'),
(1750, 23, '2024-02-07', '7.70'),
(1751, 24, '2024-02-07', '107.89'),
(1752, 25, '2024-02-07', '13.30'),
(1753, 26, '2024-02-07', '8.16'),
(1754, 27, '2024-02-07', '132.00'),
(1755, 28, '2024-02-07', '60.00'),
(1756, 29, '2024-02-07', '89.00'),
(1757, 30, '2024-02-07', '134.98'),
(1758, 31, '2024-02-07', '88.99'),
(1759, 32, '2024-02-07', '4692.97'),
(1760, 33, '2024-02-07', '58.00'),
(1761, 34, '2024-02-07', '49.49'),
(1762, 35, '2024-02-07', '154.19'),
(1763, 36, '2024-02-07', '14.00'),
(1764, 43, '2024-02-07', '235.00'),
(1765, 1, '2024-02-08', '13.09'),
(1766, 2, '2024-02-08', '65.31'),
(1767, 3, '2024-02-08', '19.99'),
(1768, 4, '2024-02-08', '17.15'),
(1769, 5, '2024-02-08', '18.99'),
(1770, 6, '2024-02-08', '124.71'),
(1771, 7, '2024-02-08', '50.64'),
(1772, 8, '2024-02-08', '37.00'),
(1773, 9, '2024-02-08', '393.85'),
(1774, 10, '2024-02-08', '16.22'),
(1775, 11, '2024-02-08', '159.76'),
(1776, 12, '2024-02-08', '62.83'),
(1777, 13, '2024-02-08', '6.61'),
(1778, 14, '2024-02-08', '5.70'),
(1779, 15, '2024-02-08', '0.43'),
(1780, 16, '2024-02-08', '4.45'),
(1781, 17, '2024-02-08', '0.99'),
(1782, 18, '2024-02-08', '9.87'),
(1783, 19, '2024-02-08', '102.95'),
(1784, 20, '2024-02-08', '164.08'),
(1785, 21, '2024-02-08', '14.99'),
(1786, 22, '2024-02-08', '68.60'),
(1787, 23, '2024-02-08', '6.46'),
(1788, 24, '2024-02-08', '122.07'),
(1789, 25, '2024-02-08', '12.97'),
(1790, 26, '2024-02-08', '7.82'),
(1791, 27, '2024-02-08', '147.99'),
(1792, 28, '2024-02-08', '59.00'),
(1793, 29, '2024-02-08', '87.99'),
(1794, 30, '2024-02-08', '128.68'),
(1795, 31, '2024-02-08', '85.86'),
(1796, 32, '2024-02-08', '6190.00'),
(1797, 33, '2024-02-08', '69.48'),
(1798, 34, '2024-02-08', '48.48'),
(1799, 35, '2024-02-08', '154.90'),
(1800, 36, '2024-02-08', '14.75'),
(1801, 43, '2024-02-08', '227.00'),
(1802, 1, '2024-02-09', '10.99'),
(1803, 2, '2024-02-09', '63.87'),
(1804, 3, '2024-02-09', '21.70'),
(1805, 4, '2024-02-09', '19.58'),
(1806, 5, '2024-02-09', '29.89'),
(1807, 6, '2024-02-09', '123.94'),
(1808, 7, '2024-02-09', '41.00'),
(1809, 8, '2024-02-09', '40.99'),
(1810, 9, '2024-02-09', '390.68'),
(1811, 10, '2024-02-09', '20.00'),
(1812, 11, '2024-02-09', '223.88'),
(1813, 12, '2024-02-09', '62.09'),
(1814, 13, '2024-02-09', '6.14'),
(1815, 14, '2024-02-09', '5.00'),
(1816, 15, '2024-02-09', '0.45'),
(1817, 16, '2024-02-09', '5.41'),
(1818, 17, '2024-02-09', '1.06'),
(1819, 18, '2024-02-09', '9.55'),
(1820, 19, '2024-02-09', '100.42'),
(1821, 20, '2024-02-09', '188.93'),
(1822, 21, '2024-02-09', '17.97'),
(1823, 22, '2024-02-09', '66.27'),
(1824, 23, '2024-02-09', '6.15'),
(1825, 24, '2024-02-09', '118.79'),
(1826, 25, '2024-02-09', '12.85'),
(1827, 26, '2024-02-09', '7.81'),
(1828, 27, '2024-02-09', '145.80'),
(1829, 28, '2024-02-09', '76.80'),
(1830, 29, '2024-02-09', '88.00'),
(1831, 30, '2024-02-09', '127.22'),
(1832, 31, '2024-02-09', '104.00'),
(1833, 32, '2024-02-09', '5764.00'),
(1834, 33, '2024-02-09', '68.80'),
(1835, 34, '2024-02-09', '48.46'),
(1836, 35, '2024-02-09', '151.47'),
(1837, 36, '2024-02-09', '14.15'),
(1838, 43, '2024-02-09', '189.98'),
(1839, 1, '2024-02-10', '10.93'),
(1840, 2, '2024-02-10', '60.00'),
(1841, 3, '2024-02-10', '22.00'),
(1842, 4, '2024-02-10', '18.72'),
(1843, 5, '2024-02-10', '17.50'),
(1844, 6, '2024-02-10', '167.66'),
(1845, 8, '2024-02-10', '49.88'),
(1846, 7, '2024-02-10', '49.27'),
(1847, 9, '2024-02-10', '340.98'),
(1848, 10, '2024-02-10', '17.92'),
(1849, 11, '2024-02-10', '178.98'),
(1850, 12, '2024-02-10', '72.43'),
(1851, 13, '2024-02-10', '7.14'),
(1852, 14, '2024-02-10', '6.90'),
(1853, 15, '2024-02-10', '0.38'),
(1854, 16, '2024-02-10', '5.39'),
(1855, 17, '2024-02-10', '1.10'),
(1856, 18, '2024-02-10', '11.95'),
(1857, 19, '2024-02-10', '111.96'),
(1858, 20, '2024-02-10', '173.39'),
(1859, 21, '2024-02-10', '16.97'),
(1860, 22, '2024-02-10', '63.74'),
(1861, 23, '2024-02-10', '6.00'),
(1862, 24, '2024-02-10', '114.09'),
(1863, 25, '2024-02-10', '11.70'),
(1864, 26, '2024-02-10', '8.04'),
(1865, 27, '2024-02-10', '134.42'),
(1866, 28, '2024-02-10', '50.00'),
(1867, 29, '2024-02-10', '91.00'),
(1868, 30, '2024-02-10', '126.30'),
(1869, 31, '2024-02-10', '99.99'),
(1870, 32, '2024-02-10', '5350.00'),
(1871, 33, '2024-02-10', '70.95'),
(1872, 34, '2024-02-10', '47.96'),
(1873, 35, '2024-02-10', '150.90'),
(1874, 36, '2024-02-10', '13.50'),
(1875, 43, '2024-02-10', '220.97'),
(1876, 1, '2024-02-11', '12.99'),
(1877, 2, '2024-02-11', '60.80'),
(1878, 3, '2024-02-11', '19.08'),
(1879, 4, '2024-02-11', '16.42'),
(1880, 5, '2024-02-11', '17.90'),
(1881, 6, '2024-02-11', '139.00'),
(1882, 8, '2024-02-11', '53.47'),
(1883, 7, '2024-02-11', '42.98'),
(1884, 9, '2024-02-11', '299.99'),
(1885, 10, '2024-02-11', '16.02'),
(1886, 11, '2024-02-11', '167.67'),
(1887, 12, '2024-02-11', '68.86'),
(1888, 13, '2024-02-11', '6.64'),
(1889, 14, '2024-02-11', '6.84'),
(1890, 15, '2024-02-11', '0.44'),
(1891, 16, '2024-02-11', '4.99'),
(1892, 17, '2024-02-11', '1.10'),
(1893, 18, '2024-02-11', '9.45'),
(1894, 19, '2024-02-11', '105.50'),
(1895, 20, '2024-02-11', '173.00'),
(1896, 21, '2024-02-11', '16.24'),
(1897, 22, '2024-02-11', '61.40'),
(1898, 23, '2024-02-11', '5.47'),
(1899, 24, '2024-02-11', '105.45'),
(1900, 25, '2024-02-11', '11.65'),
(1901, 26, '2024-02-11', '8.00'),
(1902, 27, '2024-02-11', '132.61'),
(1903, 28, '2024-02-11', '50.94'),
(1904, 29, '2024-02-11', '89.98'),
(1905, 30, '2024-02-11', '115.00'),
(1906, 31, '2024-02-11', '93.88'),
(1907, 32, '2024-02-11', '5400.00'),
(1908, 33, '2024-02-11', '55.00'),
(1909, 34, '2024-02-11', '49.96'),
(1910, 35, '2024-02-11', '146.00'),
(1911, 36, '2024-02-11', '14.00'),
(1912, 43, '2024-02-11', '211.99'),
(1913, 1, '2024-02-12', '11.49'),
(1914, 2, '2024-02-12', '61.69'),
(1915, 3, '2024-02-12', '21.98'),
(1916, 4, '2024-02-12', '15.95'),
(1917, 5, '2024-02-12', '19.98'),
(1918, 6, '2024-02-12', '109.84'),
(1919, 8, '2024-02-12', '56.99'),
(1920, 7, '2024-02-12', '44.47'),
(1921, 9, '2024-02-12', '437.00'),
(1922, 10, '2024-02-12', '14.00'),
(1923, 11, '2024-02-12', '158.98'),
(1924, 12, '2024-02-12', '62.66'),
(1925, 13, '2024-02-12', '6.24'),
(1926, 14, '2024-02-12', '5.90'),
(1927, 15, '2024-02-12', '0.41'),
(1928, 16, '2024-02-12', '3.98'),
(1929, 17, '2024-02-12', '1.13'),
(1930, 18, '2024-02-12', '8.00'),
(1931, 19, '2024-02-12', '97.68'),
(1932, 20, '2024-02-12', '165.18'),
(1933, 21, '2024-02-12', '16.00'),
(1934, 22, '2024-02-12', '59.94'),
(1935, 23, '2024-02-12', '5.00'),
(1936, 24, '2024-02-12', '100.95'),
(1937, 25, '2024-02-12', '10.00'),
(1938, 26, '2024-02-12', '6.00'),
(1939, 27, '2024-02-12', '162.72'),
(1940, 28, '2024-02-12', '37.99'),
(1941, 29, '2024-02-12', '85.60'),
(1942, 30, '2024-02-12', '110.50'),
(1943, 31, '2024-02-12', '85.91'),
(1944, 32, '2024-02-12', '4999.98'),
(1945, 33, '2024-02-12', '69.00'),
(1946, 34, '2024-02-12', '49.35'),
(1947, 35, '2024-02-12', '156.50'),
(1948, 36, '2024-02-12', '11.00'),
(1949, 43, '2024-02-12', '220.00'),
(1950, 1, '2024-02-13', '9.88'),
(1951, 2, '2024-02-13', '60.88'),
(1952, 3, '2024-02-13', '24.80'),
(1953, 4, '2024-02-13', '24.56'),
(1954, 5, '2024-02-13', '21.99'),
(1955, 6, '2024-02-13', '135.20'),
(1956, 7, '2024-02-13', '47.75'),
(1957, 8, '2024-02-13', '38.61'),
(1958, 9, '2024-02-13', '399.98'),
(1959, 10, '2024-02-13', '16.00'),
(1960, 11, '2024-02-13', '173.08'),
(1961, 12, '2024-02-13', '73.56'),
(1962, 13, '2024-02-13', '6.00'),
(1963, 14, '2024-02-13', '5.89'),
(1964, 15, '2024-02-13', '0.30'),
(1965, 16, '2024-02-13', '3.69'),
(1966, 17, '2024-02-13', '1.69'),
(1967, 18, '2024-02-13', '8.00'),
(1968, 19, '2024-02-13', '96.00'),
(1969, 20, '2024-02-13', '170.00'),
(1970, 21, '2024-02-13', '16.95'),
(1971, 22, '2024-02-13', '59.00'),
(1972, 23, '2024-02-13', '5.80'),
(1973, 24, '2024-02-13', '112.00'),
(1974, 25, '2024-02-13', '10.00'),
(1975, 26, '2024-02-13', '8.00'),
(1976, 27, '2024-02-13', '139.00'),
(1977, 28, '2024-02-13', '56.29'),
(1978, 29, '2024-02-13', '112.90'),
(1979, 30, '2024-02-13', '99.97'),
(1980, 31, '2024-02-13', '85.00'),
(1981, 32, '2024-02-13', '5239.00'),
(1982, 33, '2024-02-13', '64.02'),
(1983, 34, '2024-02-13', '49.00'),
(1984, 35, '2024-02-13', '151.00'),
(1985, 36, '2024-02-13', '11.00'),
(1986, 43, '2024-02-13', '207.50'),
(1987, 1, '2024-02-14', '18.50'),
(1988, 2, '2024-02-14', '59.00'),
(1989, 3, '2024-02-14', '22.00'),
(1990, 4, '2024-02-14', '16.29'),
(1991, 5, '2024-02-14', '20.00'),
(1992, 6, '2024-02-14', '139.99'),
(1993, 7, '2024-02-14', '37.79'),
(1994, 8, '2024-02-14', '34.99'),
(1995, 9, '2024-02-14', '299.00'),
(1996, 10, '2024-02-14', '17.66'),
(1997, 11, '2024-02-14', '179.80'),
(1998, 12, '2024-02-14', '98.96'),
(1999, 13, '2024-02-14', '9.97'),
(2000, 14, '2024-02-14', '5.65'),
(2001, 15, '2024-02-14', '0.59'),
(2002, 16, '2024-02-14', '3.85'),
(2003, 17, '2024-02-14', '1.60'),
(2004, 18, '2024-02-14', '11.99'),
(2005, 19, '2024-02-14', '129.44'),
(2006, 20, '2024-02-14', '190.60'),
(2007, 21, '2024-02-14', '18.24'),
(2008, 22, '2024-02-14', '70.98'),
(2009, 23, '2024-02-14', '6.90'),
(2010, 24, '2024-02-14', '129.93'),
(2011, 25, '2024-02-14', '14.17'),
(2012, 26, '2024-02-14', '9.99'),
(2013, 27, '2024-02-14', '127.91'),
(2014, 28, '2024-02-14', '45.02'),
(2015, 29, '2024-02-14', '97.85'),
(2016, 30, '2024-02-14', '89.97'),
(2017, 31, '2024-02-14', '84.99'),
(2018, 32, '2024-02-14', '5700.00'),
(2019, 33, '2024-02-14', '44.55'),
(2020, 34, '2024-02-14', '44.97'),
(2021, 35, '2024-02-14', '149.85'),
(2022, 36, '2024-02-14', '11.00'),
(2023, 43, '2024-02-14', '205.39'),
(2024, 1, '2024-02-15', '16.30'),
(2025, 2, '2024-02-15', '57.00'),
(2026, 3, '2024-02-15', '20.78'),
(2027, 4, '2024-02-15', '15.98'),
(2028, 5, '2024-02-15', '19.99'),
(2029, 6, '2024-02-15', '123.95'),
(2030, 8, '2024-02-15', '41.56'),
(2031, 7, '2024-02-15', '41.00'),
(2032, 9, '2024-02-15', '349.28'),
(2033, 10, '2024-02-15', '16.00'),
(2034, 11, '2024-02-15', '177.00'),
(2035, 12, '2024-02-15', '89.28'),
(2036, 13, '2024-02-15', '8.68'),
(2037, 14, '2024-02-15', '5.58'),
(2038, 15, '2024-02-15', '0.49'),
(2039, 16, '2024-02-15', '3.44'),
(2040, 17, '2024-02-15', '1.41'),
(2041, 18, '2024-02-15', '12.41'),
(2042, 19, '2024-02-15', '125.90'),
(2043, 20, '2024-02-15', '193.00'),
(2044, 21, '2024-02-15', '18.00'),
(2045, 22, '2024-02-15', '68.90'),
(2046, 23, '2024-02-15', '6.70'),
(2047, 24, '2024-02-15', '160.00'),
(2048, 25, '2024-02-15', '17.00'),
(2049, 26, '2024-02-15', '9.30'),
(2050, 27, '2024-02-15', '125.00'),
(2051, 28, '2024-02-15', '84.55'),
(2052, 29, '2024-02-15', '94.00'),
(2053, 30, '2024-02-15', '85.00'),
(2054, 31, '2024-02-15', '80.00'),
(2055, 32, '2024-02-15', '5750.88'),
(2056, 33, '2024-02-15', '64.04'),
(2057, 34, '2024-02-15', '40.00'),
(2058, 35, '2024-02-15', '150.70'),
(2059, 36, '2024-02-15', '14.89'),
(2060, 43, '2024-02-15', '299.00'),
(2061, 1, '2024-02-16', '12.90'),
(2062, 2, '2024-02-16', '58.45'),
(2063, 3, '2024-02-16', '27.34'),
(2064, 4, '2024-02-16', '16.69'),
(2065, 5, '2024-02-16', '19.47'),
(2066, 6, '2024-02-16', '139.19'),
(2067, 7, '2024-02-16', '42.45'),
(2068, 8, '2024-02-16', '40.55'),
(2069, 9, '2024-02-16', '343.99'),
(2070, 10, '2024-02-16', '19.99'),
(2071, 11, '2024-02-16', '192.95'),
(2072, 12, '2024-02-16', '87.42'),
(2073, 13, '2024-02-16', '8.57'),
(2074, 14, '2024-02-16', '5.45'),
(2075, 15, '2024-02-16', '0.50'),
(2076, 16, '2024-02-16', '3.43'),
(2077, 17, '2024-02-16', '1.16'),
(2078, 18, '2024-02-16', '12.05'),
(2079, 19, '2024-02-16', '123.60'),
(2080, 20, '2024-02-16', '207.36'),
(2081, 21, '2024-02-16', '20.49'),
(2082, 22, '2024-02-16', '78.90'),
(2083, 23, '2024-02-16', '7.30'),
(2084, 24, '2024-02-16', '154.95'),
(2085, 25, '2024-02-16', '15.33'),
(2086, 26, '2024-02-16', '6.00'),
(2087, 27, '2024-02-16', '116.01'),
(2088, 28, '2024-02-16', '73.00'),
(2089, 29, '2024-02-16', '93.75'),
(2090, 30, '2024-02-16', '137.04'),
(2091, 31, '2024-02-16', '109.98'),
(2092, 32, '2024-02-16', '5638.00'),
(2093, 33, '2024-02-16', '85.54'),
(2094, 34, '2024-02-16', '38.00'),
(2095, 35, '2024-02-16', '156.88'),
(2096, 36, '2024-02-16', '9.50'),
(2097, 43, '2024-02-16', '307.97'),
(2098, 1, '2024-02-17', '15.84'),
(2099, 2, '2024-02-17', '65.53'),
(2100, 3, '2024-02-17', '27.00'),
(2101, 4, '2024-02-17', '16.00'),
(2102, 5, '2024-02-17', '17.98'),
(2103, 6, '2024-02-17', '158.00'),
(2104, 8, '2024-02-17', '38.00'),
(2105, 7, '2024-02-17', '37.20'),
(2106, 9, '2024-02-17', '337.00'),
(2107, 10, '2024-02-17', '17.74'),
(2108, 11, '2024-02-17', '176.48'),
(2109, 12, '2024-02-17', '114.08'),
(2110, 13, '2024-02-17', '11.14'),
(2111, 14, '2024-02-17', '5.00'),
(2112, 15, '2024-02-17', '0.63'),
(2113, 16, '2024-02-17', '13.00'),
(2114, 17, '2024-02-17', '1.00'),
(2115, 18, '2024-02-17', '14.65'),
(2116, 19, '2024-02-17', '147.63'),
(2117, 20, '2024-02-17', '196.99'),
(2118, 21, '2024-02-17', '18.80'),
(2119, 22, '2024-02-17', '69.84'),
(2120, 23, '2024-02-17', '6.49'),
(2121, 24, '2024-02-17', '184.99'),
(2122, 25, '2024-02-17', '18.97'),
(2123, 26, '2024-02-17', '11.40'),
(2124, 27, '2024-02-17', '119.97'),
(2125, 28, '2024-02-17', '68.65'),
(2126, 29, '2024-02-17', '92.50'),
(2127, 30, '2024-02-17', '135.00'),
(2128, 31, '2024-02-17', '89.50'),
(2129, 32, '2024-02-17', '5672.00'),
(2130, 33, '2024-02-17', '58.90'),
(2131, 34, '2024-02-17', '45.55'),
(2132, 35, '2024-02-17', '148.99'),
(2133, 36, '2024-02-17', '14.00'),
(2134, 43, '2024-02-17', '295.00'),
(2135, 1, '2024-02-18', '13.30'),
(2136, 2, '2024-02-18', '59.78'),
(2137, 3, '2024-02-18', '27.39'),
(2138, 4, '2024-02-18', '16.66'),
(2139, 5, '2024-02-18', '16.98'),
(2140, 6, '2024-02-18', '144.89'),
(2141, 8, '2024-02-18', '39.00'),
(2142, 7, '2024-02-18', '38.00'),
(2143, 9, '2024-02-18', '319.50'),
(2144, 10, '2024-02-18', '18.59'),
(2145, 11, '2024-02-18', '180.95'),
(2146, 12, '2024-02-18', '109.49'),
(2147, 13, '2024-02-18', '10.77'),
(2148, 14, '2024-02-18', '5.65'),
(2149, 15, '2024-02-18', '0.58'),
(2150, 16, '2024-02-18', '8.13'),
(2151, 17, '2024-02-18', '1.02'),
(2152, 18, '2024-02-18', '12.39'),
(2153, 19, '2024-02-18', '128.40'),
(2154, 20, '2024-02-18', '211.00'),
(2155, 21, '2024-02-18', '21.00'),
(2156, 22, '2024-02-18', '70.50'),
(2157, 23, '2024-02-18', '6.87'),
(2158, 24, '2024-02-18', '228.90'),
(2159, 25, '2024-02-18', '22.90'),
(2160, 26, '2024-02-18', '11.31'),
(2161, 27, '2024-02-18', '119.41'),
(2162, 28, '2024-02-18', '63.95'),
(2163, 29, '2024-02-18', '89.00'),
(2164, 30, '2024-02-18', '118.95'),
(2165, 31, '2024-02-18', '89.45'),
(2166, 32, '2024-02-18', '5636.00'),
(2167, 33, '2024-02-18', '60.00'),
(2168, 34, '2024-02-18', '44.88'),
(2169, 35, '2024-02-18', '144.69'),
(2170, 36, '2024-02-18', '14.39'),
(2171, 43, '2024-02-18', '277.11'),
(2172, 1, '2024-02-19', '9.49'),
(2173, 2, '2024-02-19', '57.00'),
(2174, 3, '2024-02-19', '39.20'),
(2175, 4, '2024-02-19', '16.50'),
(2176, 5, '2024-02-19', '17.00'),
(2177, 6, '2024-02-19', '129.00'),
(2178, 8, '2024-02-19', '49.90'),
(2179, 7, '2024-02-19', '36.49'),
(2180, 9, '2024-02-19', '319.97'),
(2181, 10, '2024-02-19', '16.25'),
(2182, 11, '2024-02-19', '160.00'),
(2183, 12, '2024-02-19', '98.53'),
(2184, 13, '2024-02-19', '9.56'),
(2185, 14, '2024-02-19', '5.58'),
(2186, 15, '2024-02-19', '0.69'),
(2187, 16, '2024-02-19', '3.50'),
(2188, 17, '2024-02-19', '1.10'),
(2189, 18, '2024-02-19', '11.55'),
(2190, 19, '2024-02-19', '115.87'),
(2191, 20, '2024-02-19', '195.98'),
(2192, 21, '2024-02-19', '20.47'),
(2193, 22, '2024-02-19', '59.01'),
(2194, 23, '2024-02-19', '6.15'),
(2195, 24, '2024-02-19', '200.96'),
(2196, 25, '2024-02-19', '19.80'),
(2197, 26, '2024-02-19', '10.40'),
(2198, 27, '2024-02-19', '119.21'),
(2199, 28, '2024-02-19', '52.55'),
(2200, 29, '2024-02-19', '88.55'),
(2201, 30, '2024-02-19', '96.03'),
(2202, 31, '2024-02-19', '80.99'),
(2203, 32, '2024-02-19', '5628.35'),
(2204, 33, '2024-02-19', '107.91'),
(2205, 34, '2024-02-19', '44.00'),
(2206, 35, '2024-02-19', '148.50'),
(2207, 36, '2024-02-19', '14.74'),
(2208, 43, '2024-02-19', '277.10'),
(2209, 1, '2024-02-19', '9.49'),
(2210, 2, '2024-02-19', '57.27'),
(2211, 3, '2024-02-19', '30.13'),
(2212, 4, '2024-02-19', '15.90'),
(2213, 5, '2024-02-19', '16.99'),
(2214, 6, '2024-02-19', '130.00'),
(2215, 8, '2024-02-19', '49.00'),
(2216, 7, '2024-02-19', '46.50'),
(2217, 9, '2024-02-19', '319.97'),
(2218, 10, '2024-02-19', '15.00'),
(2219, 11, '2024-02-19', '170.00'),
(2220, 12, '2024-02-19', '99.97'),
(2221, 13, '2024-02-19', '9.75'),
(2222, 14, '2024-02-19', '5.51'),
(2223, 15, '2024-02-19', '0.58'),
(2224, 16, '2024-02-19', '4.84'),
(2225, 17, '2024-02-19', '1.08'),
(2226, 18, '2024-02-19', '10.98'),
(2227, 19, '2024-02-19', '119.99'),
(2228, 20, '2024-02-19', '203.99'),
(2229, 21, '2024-02-19', '20.00'),
(2230, 22, '2024-02-19', '69.00'),
(2231, 23, '2024-02-19', '6.38'),
(2232, 24, '2024-02-19', '212.69'),
(2233, 25, '2024-02-19', '21.50'),
(2234, 26, '2024-02-19', '10.37'),
(2235, 27, '2024-02-19', '119.23'),
(2236, 28, '2024-02-19', '52.50'),
(2237, 29, '2024-02-19', '88.54'),
(2238, 30, '2024-02-19', '96.03'),
(2239, 31, '2024-02-19', '88.11'),
(2240, 32, '2024-02-19', '5555.55'),
(2241, 33, '2024-02-19', '74.98'),
(2242, 34, '2024-02-19', '43.54'),
(2243, 35, '2024-02-19', '150.50'),
(2244, 36, '2024-02-19', '14.49'),
(2245, 43, '2024-02-19', '270.10'),
(2246, 1, '2024-02-20', '9.47'),
(2247, 2, '2024-02-20', '56.00'),
(2248, 3, '2024-02-20', '21.00'),
(2249, 4, '2024-02-20', '15.49'),
(2250, 5, '2024-02-20', '16.99'),
(2251, 6, '2024-02-20', '136.99'),
(2252, 8, '2024-02-20', '43.00'),
(2253, 7, '2024-02-20', '40.00'),
(2254, 9, '2024-02-20', '315.00'),
(2255, 10, '2024-02-20', '17.14'),
(2256, 11, '2024-02-20', '170.95'),
(2257, 12, '2024-02-20', '89.64'),
(2258, 13, '2024-02-20', '9.10'),
(2259, 14, '2024-02-20', '5.37'),
(2260, 15, '2024-02-20', '0.87'),
(2261, 16, '2024-02-20', '3.48'),
(2262, 17, '2024-02-20', '1.14'),
(2263, 18, '2024-02-20', '10.00'),
(2264, 19, '2024-02-20', '112.32'),
(2265, 20, '2024-02-20', '203.95'),
(2266, 21, '2024-02-20', '20.83'),
(2267, 22, '2024-02-20', '64.94'),
(2268, 23, '2024-02-20', '6.45'),
(2269, 24, '2024-02-20', '183.79'),
(2270, 25, '2024-02-20', '19.96'),
(2271, 26, '2024-02-20', '9.88'),
(2272, 27, '2024-02-20', '118.97'),
(2273, 28, '2024-02-20', '52.00'),
(2274, 29, '2024-02-20', '88.10'),
(2275, 30, '2024-02-20', '91.45'),
(2276, 31, '2024-02-20', '87.33'),
(2277, 32, '2024-02-20', '5710.00'),
(2278, 33, '2024-02-20', '69.26'),
(2279, 34, '2024-02-20', '43.07'),
(2280, 35, '2024-02-20', '150.40'),
(2281, 36, '2024-02-20', '15.00'),
(2282, 43, '2024-02-20', '259.37'),
(2283, 1, '2024-02-21', '8.50'),
(2284, 2, '2024-02-21', '64.00'),
(2285, 3, '2024-02-21', '28.71'),
(2286, 4, '2024-02-21', '31.79'),
(2287, 5, '2024-02-21', '19.05'),
(2288, 6, '2024-02-21', '140.80'),
(2289, 7, '2024-02-21', '43.00'),
(2290, 8, '2024-02-21', '40.00'),
(2291, 9, '2024-02-21', '298.99'),
(2292, 10, '2024-02-21', '19.98'),
(2293, 11, '2024-02-21', '211.98'),
(2294, 12, '2024-02-21', '92.99'),
(2295, 13, '2024-02-21', '9.00'),
(2296, 14, '2024-02-21', '4.21'),
(2297, 15, '2024-02-21', '0.55'),
(2298, 16, '2024-02-21', '3.99'),
(2299, 17, '2024-02-21', '1.00'),
(2300, 18, '2024-02-21', '17.24'),
(2301, 19, '2024-02-21', '209.77'),
(2302, 20, '2024-02-21', '203.00'),
(2303, 21, '2024-02-21', '16.24'),
(2304, 22, '2024-02-21', '79.89'),
(2305, 23, '2024-02-21', '5.90'),
(2306, 24, '2024-02-21', '280.00'),
(2307, 25, '2024-02-21', '29.07'),
(2308, 26, '2024-02-21', '9.97'),
(2309, 27, '2024-02-21', '118.84'),
(2310, 28, '2024-02-21', '45.00'),
(2311, 29, '2024-02-21', '87.32'),
(2312, 30, '2024-02-21', '79.20'),
(2313, 31, '2024-02-21', '82.54'),
(2314, 32, '2024-02-21', '9698.00'),
(2315, 33, '2024-02-21', '60.50'),
(2316, 34, '2024-02-21', '43.20'),
(2317, 35, '2024-02-21', '144.04'),
(2318, 36, '2024-02-21', '14.44'),
(2319, 43, '2024-02-21', '400.00'),
(2320, 1, '2024-02-22', '9.01'),
(2321, 2, '2024-02-22', '55.98'),
(2322, 3, '2024-02-22', '42.86'),
(2323, 4, '2024-02-22', '17.45'),
(2324, 5, '2024-02-22', '19.45'),
(2325, 6, '2024-02-22', '129.91'),
(2326, 7, '2024-02-22', '47.80'),
(2327, 8, '2024-02-22', '35.99'),
(2328, 9, '2024-02-22', '299.00'),
(2329, 10, '2024-02-22', '18.99'),
(2330, 11, '2024-02-22', '180.63'),
(2331, 12, '2024-02-22', '113.98'),
(2332, 13, '2024-02-22', '12.79'),
(2333, 14, '2024-02-22', '5.31'),
(2334, 15, '2024-02-22', '0.80'),
(2335, 16, '2024-02-22', '3.37'),
(2336, 17, '2024-02-22', '0.49'),
(2337, 18, '2024-02-22', '25.27'),
(2338, 19, '2024-02-22', '260.00'),
(2339, 20, '2024-02-22', '218.90'),
(2340, 21, '2024-02-22', '19.90'),
(2341, 22, '2024-02-22', '79.00'),
(2342, 23, '2024-02-22', '7.53'),
(2343, 24, '2024-02-22', '340.00'),
(2344, 25, '2024-02-22', '33.99'),
(2345, 26, '2024-02-22', '9.27'),
(2346, 27, '2024-02-22', '119.73'),
(2347, 28, '2024-02-22', '69.77'),
(2348, 29, '2024-02-22', '87.00'),
(2349, 30, '2024-02-22', '78.28'),
(2350, 31, '2024-02-22', '82.40'),
(2351, 32, '2024-02-22', '9100.98'),
(2352, 33, '2024-02-22', '59.39'),
(2353, 34, '2024-02-22', '58.79'),
(2354, 35, '2024-02-22', '148.00'),
(2355, 36, '2024-02-22', '13.00'),
(2356, 43, '2024-02-22', '350.00'),
(2357, 1, '2024-02-23', '9.11'),
(2358, 2, '2024-02-23', '52.66'),
(2359, 3, '2024-02-23', '29.49'),
(2360, 4, '2024-02-23', '16.73'),
(2361, 5, '2024-02-23', '17.75'),
(2362, 6, '2024-02-23', '132.00'),
(2363, 7, '2024-02-23', '41.95'),
(2364, 8, '2024-02-23', '39.00'),
(2365, 9, '2024-02-23', '275.00'),
(2366, 10, '2024-02-23', '17.99'),
(2367, 11, '2024-02-23', '182.00'),
(2368, 12, '2024-02-23', '115.19'),
(2369, 13, '2024-02-23', '11.54'),
(2370, 14, '2024-02-23', '4.99'),
(2371, 15, '2024-02-23', '0.42'),
(2372, 16, '2024-02-23', '2.95'),
(2373, 17, '2024-02-23', '1.28'),
(2374, 18, '2024-02-23', '24.88'),
(2375, 19, '2024-02-23', '243.90'),
(2376, 20, '2024-02-23', '215.99'),
(2377, 21, '2024-02-23', '21.74'),
(2378, 22, '2024-02-23', '89.20'),
(2379, 23, '2024-02-23', '8.47'),
(2380, 24, '2024-02-23', '308.37'),
(2381, 25, '2024-02-23', '29.99'),
(2382, 26, '2024-02-23', '9.68'),
(2383, 27, '2024-02-23', '118.95'),
(2384, 28, '2024-02-23', '39.20'),
(2385, 29, '2024-02-23', '79.00'),
(2386, 30, '2024-02-23', '78.28'),
(2387, 31, '2024-02-23', '81.52'),
(2388, 32, '2024-02-23', '8999.98'),
(2389, 33, '2024-02-23', '94.01'),
(2390, 34, '2024-02-23', '33.99'),
(2391, 35, '2024-02-23', '190.00'),
(2392, 36, '2024-02-23', '23.44'),
(2393, 43, '2024-02-23', '240.00'),
(2394, 1, '2024-02-25', '18.47'),
(2395, 2, '2024-02-25', '55.00'),
(2396, 3, '2024-02-25', '30.15'),
(2397, 4, '2024-02-25', '16.25'),
(2398, 5, '2024-02-25', '16.97'),
(2399, 6, '2024-02-25', '197.15'),
(2400, 7, '2024-02-25', '36.00'),
(2401, 8, '2024-02-25', '35.00'),
(2402, 9, '2024-02-25', '349.83'),
(2403, 10, '2024-02-25', '16.00'),
(2404, 11, '2024-02-25', '170.25'),
(2405, 12, '2024-02-25', '135.80'),
(2406, 13, '2024-02-25', '12.88'),
(2407, 14, '2024-02-25', '5.84'),
(2408, 15, '2024-02-25', '0.48'),
(2409, 16, '2024-02-25', '3.56'),
(2410, 17, '2024-02-25', '0.84'),
(2411, 18, '2024-02-25', '15.97'),
(2412, 19, '2024-02-25', '164.24'),
(2413, 20, '2024-02-25', '190.77'),
(2414, 21, '2024-02-25', '19.20'),
(2415, 22, '2024-02-25', '73.97'),
(2416, 23, '2024-02-25', '5.00'),
(2417, 24, '2024-02-25', '188.99'),
(2418, 25, '2024-02-25', '18.84'),
(2419, 26, '2024-02-25', '9.89'),
(2420, 27, '2024-02-25', '120.89'),
(2421, 28, '2024-02-25', '49.00'),
(2422, 29, '2024-02-25', '79.00'),
(2423, 30, '2024-02-25', '121.08'),
(2424, 31, '2024-02-25', '96.21'),
(2425, 32, '2024-02-25', '8621.00'),
(2426, 33, '2024-02-25', '75.00'),
(2427, 34, '2024-02-25', '42.46'),
(2428, 35, '2024-02-25', '157.00'),
(2429, 36, '2024-02-25', '15.00'),
(2430, 43, '2024-02-25', '397.88'),
(2431, 1, '2024-02-26', '24.00'),
(2432, 2, '2024-02-26', '55.62'),
(2433, 3, '2024-02-26', '29.00'),
(2434, 4, '2024-02-26', '15.88'),
(2435, 5, '2024-02-26', '16.59'),
(2436, 6, '2024-02-26', '148.97'),
(2437, 8, '2024-02-26', '39.80'),
(2438, 7, '2024-02-26', '39.80'),
(2439, 9, '2024-02-26', '426.72'),
(2440, 10, '2024-02-26', '16.47'),
(2441, 11, '2024-02-26', '172.00'),
(2442, 12, '2024-02-26', '123.00'),
(2443, 13, '2024-02-26', '12.11'),
(2444, 14, '2024-02-26', '5.81'),
(2445, 15, '2024-02-26', '0.15'),
(2446, 16, '2024-02-26', '2.97'),
(2447, 17, '2024-02-26', '0.87'),
(2448, 18, '2024-02-26', '15.08'),
(2449, 19, '2024-02-26', '154.76'),
(2450, 20, '2024-02-26', '180.72'),
(2451, 21, '2024-02-26', '19.00'),
(2452, 22, '2024-02-26', '71.00'),
(2453, 23, '2024-02-26', '6.70'),
(2454, 24, '2024-02-26', '168.90'),
(2455, 25, '2024-02-26', '17.70'),
(2456, 26, '2024-02-26', '9.46'),
(2457, 27, '2024-02-26', '117.97'),
(2458, 28, '2024-02-26', '47.85'),
(2459, 29, '2024-02-26', '78.87'),
(2460, 30, '2024-02-26', '115.00'),
(2461, 31, '2024-02-26', '95.86'),
(2462, 32, '2024-02-26', '8474.00'),
(2463, 33, '2024-02-26', '72.00'),
(2464, 34, '2024-02-26', '53.85'),
(2465, 35, '2024-02-26', '155.00'),
(2466, 36, '2024-02-26', '14.99'),
(2467, 43, '2024-02-26', '449.94'),
(2468, 1, '2024-02-27', '23.32'),
(2469, 2, '2024-02-27', '57.41'),
(2470, 3, '2024-02-27', '29.15'),
(2471, 4, '2024-02-27', '14.99'),
(2472, 5, '2024-02-27', '16.70'),
(2473, 6, '2024-02-27', '136.00'),
(2474, 7, '2024-02-27', '38.00'),
(2475, 8, '2024-02-27', '35.00'),
(2476, 9, '2024-02-27', '376.00'),
(2477, 10, '2024-02-27', '16.00'),
(2478, 11, '2024-02-27', '191.01'),
(2479, 12, '2024-02-27', '113.85'),
(2480, 13, '2024-02-27', '11.35'),
(2481, 14, '2024-02-27', '5.70'),
(2482, 15, '2024-02-27', '0.50'),
(2483, 16, '2024-02-27', '3.40'),
(2484, 17, '2024-02-27', '0.74'),
(2485, 18, '2024-02-27', '14.00'),
(2486, 19, '2024-02-27', '164.34'),
(2487, 20, '2024-02-27', '201.47'),
(2488, 21, '2024-02-27', '20.00'),
(2489, 22, '2024-02-27', '66.82'),
(2490, 23, '2024-02-27', '6.50'),
(2491, 24, '2024-02-27', '158.98'),
(2492, 25, '2024-02-27', '16.63'),
(2493, 26, '2024-02-27', '9.30'),
(2494, 27, '2024-02-27', '116.98'),
(2495, 28, '2024-02-27', '43.00'),
(2496, 29, '2024-02-27', '76.47'),
(2497, 30, '2024-02-27', '104.94'),
(2498, 31, '2024-02-27', '89.35'),
(2499, 32, '2024-02-27', '7800.10'),
(2500, 33, '2024-02-27', '67.77'),
(2501, 34, '2024-02-27', '47.39'),
(2502, 35, '2024-02-27', '120.00'),
(2503, 36, '2024-02-27', '11.00'),
(2504, 43, '2024-02-27', '419.58'),
(2505, 1, '2024-02-28', '23.20'),
(2506, 2, '2024-02-28', '53.75'),
(2507, 3, '2024-02-28', '28.93'),
(2508, 4, '2024-02-28', '14.83'),
(2509, 5, '2024-02-28', '15.20'),
(2510, 6, '2024-02-28', '124.99'),
(2511, 7, '2024-02-28', '42.24'),
(2512, 8, '2024-02-28', '29.86'),
(2513, 9, '2024-02-28', '347.98'),
(2514, 10, '2024-02-28', '16.70'),
(2515, 11, '2024-02-28', '174.84'),
(2516, 12, '2024-02-28', '122.99'),
(2517, 13, '2024-02-28', '11.95'),
(2518, 14, '2024-02-28', '6.87'),
(2519, 15, '2024-02-28', '0.52'),
(2520, 16, '2024-02-28', '2.99'),
(2521, 17, '2024-02-28', '2.76'),
(2522, 18, '2024-02-28', '17.50'),
(2523, 19, '2024-02-28', '188.75'),
(2524, 20, '2024-02-28', '203.36'),
(2525, 21, '2024-02-28', '19.17'),
(2526, 22, '2024-02-28', '77.67'),
(2527, 23, '2024-02-28', '7.35'),
(2528, 24, '2024-02-28', '179.96'),
(2529, 25, '2024-02-28', '18.00'),
(2530, 26, '2024-02-28', '9.99'),
(2531, 27, '2024-02-28', '114.98'),
(2532, 28, '2024-02-28', '36.30'),
(2533, 29, '2024-02-28', '70.98'),
(2534, 30, '2024-02-28', '94.00'),
(2535, 31, '2024-02-28', '87.12'),
(2536, 32, '2024-02-28', '7000.00'),
(2537, 33, '2024-02-28', '64.99'),
(2538, 34, '2024-02-28', '44.99'),
(2539, 35, '2024-02-28', '155.00'),
(2540, 36, '2024-02-28', '15.09'),
(2541, 43, '2024-02-28', '409.95'),
(2542, 1, '2024-03-01', '15.50'),
(2543, 2, '2024-03-01', '53.00'),
(2544, 3, '2024-03-01', '29.99'),
(2545, 4, '2024-03-01', '14.00'),
(2546, 5, '2024-03-01', '17.00'),
(2547, 6, '2024-03-01', '124.92'),
(2548, 8, '2024-03-01', '34.99'),
(2549, 7, '2024-03-01', '34.00'),
(2550, 9, '2024-03-01', '318.98'),
(2551, 10, '2024-03-01', '15.80'),
(2552, 11, '2024-03-01', '168.99'),
(2553, 12, '2024-03-01', '121.21'),
(2554, 13, '2024-03-01', '12.00'),
(2555, 14, '2024-03-01', '6.34'),
(2556, 15, '2024-03-01', '0.50'),
(2557, 16, '2024-03-01', '2.44'),
(2558, 17, '2024-03-01', '4.00'),
(2559, 18, '2024-03-01', '14.77'),
(2560, 19, '2024-03-01', '145.19'),
(2561, 20, '2024-03-01', '182.61'),
(2562, 21, '2024-03-01', '18.25'),
(2563, 22, '2024-03-01', '70.64'),
(2564, 23, '2024-03-01', '6.77'),
(2565, 24, '2024-03-01', '168.32'),
(2566, 25, '2024-03-01', '17.98'),
(2567, 26, '2024-03-01', '9.26'),
(2568, 27, '2024-03-01', '119.88'),
(2569, 28, '2024-03-01', '39.82'),
(2570, 29, '2024-03-01', '94.89'),
(2571, 30, '2024-03-01', '88.28'),
(2572, 31, '2024-03-01', '79.60'),
(2573, 32, '2024-03-01', '8700.00'),
(2574, 33, '2024-03-01', '70.20'),
(2575, 34, '2024-03-01', '43.00'),
(2576, 35, '2024-03-01', '150.00'),
(2577, 36, '2024-03-01', '14.44'),
(2578, 43, '2024-03-01', '340.00'),
(2579, 1, '2024-03-02', '15.25'),
(2580, 2, '2024-03-02', '50.00'),
(2581, 3, '2024-03-02', '31.99'),
(2582, 4, '2024-03-02', '12.50'),
(2583, 5, '2024-03-02', '15.10'),
(2584, 6, '2024-03-02', '126.37'),
(2585, 8, '2024-03-02', '31.97'),
(2586, 7, '2024-03-02', '30.00'),
(2587, 9, '2024-03-02', '300.00'),
(2588, 10, '2024-03-02', '15.00'),
(2589, 11, '2024-03-02', '155.42'),
(2590, 12, '2024-03-02', '118.95'),
(2591, 13, '2024-03-02', '10.80'),
(2592, 14, '2024-03-02', '6.24'),
(2593, 15, '2024-03-02', '0.46'),
(2594, 16, '2024-03-02', '3.43'),
(2595, 17, '2024-03-02', '2.99'),
(2596, 18, '2024-03-02', '12.35'),
(2597, 19, '2024-03-02', '125.68'),
(2598, 20, '2024-03-02', '178.20'),
(2599, 21, '2024-03-02', '18.35'),
(2600, 22, '2024-03-02', '72.00'),
(2601, 23, '2024-03-02', '6.95'),
(2602, 24, '2024-03-02', '150.00'),
(2603, 25, '2024-03-02', '15.00'),
(2604, 26, '2024-03-02', '9.70'),
(2605, 27, '2024-03-02', '116.81'),
(2606, 28, '2024-03-02', '31.31'),
(2607, 29, '2024-03-02', '83.00'),
(2608, 30, '2024-03-02', '79.00'),
(2609, 31, '2024-03-02', '78.56'),
(2610, 32, '2024-03-02', '8714.00'),
(2611, 33, '2024-03-02', '61.00'),
(2612, 34, '2024-03-02', '43.00'),
(2613, 35, '2024-03-02', '169.09'),
(2614, 36, '2024-03-02', '11.00'),
(2615, 43, '2024-03-02', '333.75'),
(2616, 1, '2024-03-03', '19.62'),
(2617, 2, '2024-03-03', '52.95'),
(2618, 3, '2024-03-03', '31.00'),
(2619, 4, '2024-03-03', '14.00'),
(2620, 5, '2024-03-03', '14.85'),
(2621, 6, '2024-03-03', '134.94'),
(2622, 8, '2024-03-03', '33.47'),
(2623, 7, '2024-03-03', '25.50'),
(2624, 9, '2024-03-03', '299.00'),
(2625, 10, '2024-03-03', '12.00'),
(2626, 11, '2024-03-03', '156.68'),
(2627, 12, '2024-03-03', '117.69'),
(2628, 13, '2024-03-03', '11.33'),
(2629, 14, '2024-03-03', '6.01'),
(2630, 15, '2024-03-03', '0.37'),
(2631, 16, '2024-03-03', '3.00'),
(2632, 17, '2024-03-03', '8.35'),
(2633, 18, '2024-03-03', '13.34'),
(2634, 19, '2024-03-03', '131.29'),
(2635, 20, '2024-03-03', '193.92'),
(2636, 21, '2024-03-03', '18.40'),
(2637, 22, '2024-03-03', '70.78'),
(2638, 23, '2024-03-03', '6.63'),
(2639, 24, '2024-03-03', '141.96'),
(2640, 25, '2024-03-03', '15.07'),
(2641, 26, '2024-03-03', '9.75'),
(2642, 27, '2024-03-03', '121.97'),
(2643, 28, '2024-03-03', '33.29'),
(2644, 29, '2024-03-03', '112.99'),
(2645, 30, '2024-03-03', '79.20'),
(2646, 31, '2024-03-03', '77.70'),
(2647, 32, '2024-03-03', '8640.00'),
(2648, 33, '2024-03-03', '40.00'),
(2649, 34, '2024-03-03', '42.75'),
(2650, 35, '2024-03-03', '158.98'),
(2651, 36, '2024-03-03', '15.08'),
(2652, 43, '2024-03-03', '313.00'),
(2653, 1, '2024-03-03', '70.00'),
(2654, 2, '2024-03-03', '50.99'),
(2655, 3, '2024-03-03', '39.00'),
(2656, 4, '2024-03-03', '13.00'),
(2657, 5, '2024-03-03', '15.75'),
(2658, 6, '2024-03-03', '128.69'),
(2659, 7, '2024-03-03', '38.59'),
(2660, 8, '2024-03-03', '34.87'),
(2661, 9, '2024-03-03', '298.00'),
(2662, 10, '2024-03-03', '14.99'),
(2663, 11, '2024-03-03', '155.71'),
(2664, 12, '2024-03-03', '115.94'),
(2665, 13, '2024-03-03', '10.69'),
(2666, 14, '2024-03-03', '5.98'),
(2667, 15, '2024-03-03', '0.44'),
(2668, 16, '2024-03-03', '2.89'),
(2669, 17, '2024-03-03', '5.97'),
(2670, 18, '2024-03-03', '14.65'),
(2671, 19, '2024-03-03', '138.08'),
(2672, 20, '2024-03-03', '189.08'),
(2673, 21, '2024-03-03', '18.38'),
(2674, 22, '2024-03-03', '69.96'),
(2675, 23, '2024-03-03', '6.59'),
(2676, 24, '2024-03-03', '144.99'),
(2677, 25, '2024-03-03', '14.60'),
(2678, 26, '2024-03-03', '8.69'),
(2679, 27, '2024-03-03', '121.80'),
(2680, 28, '2024-03-03', '33.25'),
(2681, 29, '2024-03-03', '99.00'),
(2682, 30, '2024-03-03', '79.20'),
(2683, 31, '2024-03-03', '77.63'),
(2684, 32, '2024-03-03', '7999.99'),
(2685, 33, '2024-03-03', '69.21'),
(2686, 34, '2024-03-03', '42.64'),
(2687, 35, '2024-03-03', '164.20'),
(2688, 36, '2024-03-03', '11.00'),
(2689, 43, '2024-03-03', '300.00'),
(2690, 1, '2024-03-04', '25.96'),
(2691, 2, '2024-03-04', '50.10'),
(2692, 3, '2024-03-04', '31.00'),
(2693, 4, '2024-03-04', '16.75'),
(2694, 5, '2024-03-04', '17.00'),
(2695, 6, '2024-03-04', '114.99'),
(2696, 7, '2024-03-04', '43.00'),
(2697, 8, '2024-03-04', '41.09'),
(2698, 9, '2024-03-04', '315.80'),
(2699, 10, '2024-03-04', '15.20'),
(2700, 11, '2024-03-04', '147.00'),
(2701, 12, '2024-03-04', '115.88'),
(2702, 13, '2024-03-04', '10.29'),
(2703, 14, '2024-03-04', '5.84'),
(2704, 15, '2024-03-04', '0.43'),
(2705, 16, '2024-03-04', '3.35'),
(2706, 17, '2024-03-04', '2.99'),
(2707, 18, '2024-03-04', '12.72'),
(2708, 19, '2024-03-04', '139.47'),
(2709, 20, '2024-03-04', '189.95'),
(2710, 21, '2024-03-04', '18.21'),
(2711, 22, '2024-03-04', '71.00'),
(2712, 23, '2024-03-04', '7.20'),
(2713, 24, '2024-03-04', '136.00'),
(2714, 25, '2024-03-04', '14.55'),
(2715, 26, '2024-03-04', '9.37'),
(2716, 27, '2024-03-04', '121.84'),
(2717, 28, '2024-03-04', '74.97'),
(2718, 29, '2024-03-04', '80.00'),
(2719, 30, '2024-03-04', '75.24'),
(2720, 31, '2024-03-04', '73.97'),
(2721, 32, '2024-03-04', '8500.00'),
(2722, 33, '2024-03-04', '87.77'),
(2723, 34, '2024-03-04', '44.99'),
(2724, 35, '2024-03-04', '183.90'),
(2725, 36, '2024-03-04', '19.00'),
(2726, 43, '2024-03-04', '299.74'),
(2727, 1, '2024-03-05', '23.99'),
(2728, 2, '2024-03-05', '51.89'),
(2729, 3, '2024-03-05', '31.00'),
(2730, 4, '2024-03-05', '14.50'),
(2731, 5, '2024-03-05', '16.15'),
(2732, 6, '2024-03-05', '129.98'),
(2733, 7, '2024-03-05', '39.98'),
(2734, 8, '2024-03-05', '38.00'),
(2735, 9, '2024-03-05', '349.98'),
(2736, 10, '2024-03-05', '18.85'),
(2737, 11, '2024-03-05', '184.00'),
(2738, 12, '2024-03-05', '122.96'),
(2739, 13, '2024-03-05', '11.90'),
(2740, 14, '2024-03-05', '5.49'),
(2741, 15, '2024-03-05', '0.39'),
(2742, 16, '2024-03-05', '3.00'),
(2743, 17, '2024-03-05', '2.92'),
(2744, 18, '2024-03-05', '14.30'),
(2745, 19, '2024-03-05', '153.59'),
(2746, 20, '2024-03-05', '187.45'),
(2747, 21, '2024-03-05', '18.12'),
(2748, 22, '2024-03-05', '69.81'),
(2749, 23, '2024-03-05', '6.63'),
(2750, 24, '2024-03-05', '147.24'),
(2751, 25, '2024-03-05', '14.64'),
(2752, 26, '2024-03-05', '10.24'),
(2753, 27, '2024-03-05', '120.67'),
(2754, 28, '2024-03-05', '65.98'),
(2755, 29, '2024-03-05', '80.98'),
(2756, 30, '2024-03-05', '74.42'),
(2757, 31, '2024-03-05', '73.67'),
(2758, 32, '2024-03-05', '8360.00'),
(2759, 33, '2024-03-05', '68.95'),
(2760, 34, '2024-03-05', '45.97'),
(2761, 35, '2024-03-05', '170.50'),
(2762, 36, '2024-03-05', '16.82'),
(2763, 43, '2024-03-05', '285.82'),
(2764, 1, '2024-03-06', '22.73'),
(2765, 2, '2024-03-06', '53.98'),
(2766, 3, '2024-03-06', '30.97'),
(2767, 4, '2024-03-06', '11.11'),
(2768, 5, '2024-03-06', '17.99'),
(2769, 6, '2024-03-06', '140.00'),
(2770, 7, '2024-03-06', '42.50'),
(2771, 8, '2024-03-06', '34.99'),
(2772, 9, '2024-03-06', '348.00'),
(2773, 10, '2024-03-06', '14.30'),
(2774, 11, '2024-03-06', '147.42'),
(2775, 12, '2024-03-06', '117.41'),
(2776, 13, '2024-03-06', '11.16'),
(2777, 14, '2024-03-06', '5.00'),
(2778, 15, '2024-03-06', '0.42'),
(2779, 16, '2024-03-06', '2.40'),
(2780, 17, '2024-03-06', '2.03'),
(2781, 18, '2024-03-06', '14.76'),
(2782, 19, '2024-03-06', '159.74'),
(2783, 20, '2024-03-06', '186.04'),
(2784, 21, '2024-03-06', '18.04'),
(2785, 22, '2024-03-06', '73.13'),
(2786, 23, '2024-03-06', '6.82'),
(2787, 24, '2024-03-06', '158.98'),
(2788, 25, '2024-03-06', '16.94'),
(2789, 26, '2024-03-06', '9.28'),
(2790, 27, '2024-03-06', '119.89'),
(2791, 28, '2024-03-06', '42.73'),
(2792, 29, '2024-03-06', '79.49'),
(2793, 30, '2024-03-06', '73.00'),
(2794, 31, '2024-03-06', '71.63'),
(2795, 32, '2024-03-06', '8318.99'),
(2796, 33, '2024-03-06', '72.45'),
(2797, 34, '2024-03-06', '43.90'),
(2798, 35, '2024-03-06', '176.49'),
(2799, 36, '2024-03-06', '16.00'),
(2800, 43, '2024-03-06', '265.75'),
(2801, 1, '2024-03-07', '27.99'),
(2802, 2, '2024-03-07', '53.91'),
(2803, 3, '2024-03-07', '40.00'),
(2804, 4, '2024-03-07', '13.11'),
(2805, 5, '2024-03-07', '14.00'),
(2806, 6, '2024-03-07', '139.99'),
(2807, 8, '2024-03-07', '35.92'),
(2808, 7, '2024-03-07', '35.58'),
(2809, 9, '2024-03-07', '345.00'),
(2810, 10, '2024-03-07', '14.00'),
(2811, 11, '2024-03-07', '148.98'),
(2812, 12, '2024-03-07', '125.00'),
(2813, 13, '2024-03-07', '12.00'),
(2814, 14, '2024-03-07', '7.00'),
(2815, 15, '2024-03-07', '0.44'),
(2816, 16, '2024-03-07', '6.45'),
(2817, 17, '2024-03-07', '1.98'),
(2818, 18, '2024-03-07', '13.89'),
(2819, 19, '2024-03-07', '147.99'),
(2820, 20, '2024-03-07', '183.38'),
(2821, 21, '2024-03-07', '18.00'),
(2822, 22, '2024-03-07', '74.34'),
(2823, 23, '2024-03-07', '7.00'),
(2824, 24, '2024-03-07', '157.45'),
(2825, 25, '2024-03-07', '16.10'),
(2826, 26, '2024-03-07', '9.23'),
(2827, 27, '2024-03-07', '114.11'),
(2828, 28, '2024-03-07', '51.99'),
(2829, 29, '2024-03-07', '77.48'),
(2830, 30, '2024-03-07', '72.99'),
(2831, 31, '2024-03-07', '71.15'),
(2832, 32, '2024-03-07', '9000.00'),
(2833, 33, '2024-03-07', '73.50'),
(2834, 34, '2024-03-07', '45.35'),
(2835, 35, '2024-03-07', '162.84'),
(2836, 36, '2024-03-07', '12.45'),
(2837, 43, '2024-03-07', '264.49'),
(2838, 1, '2024-03-09', '25.00'),
(2839, 2, '2024-03-09', '52.00'),
(2840, 3, '2024-03-09', '30.95'),
(2841, 4, '2024-03-09', '13.04'),
(2842, 5, '2024-03-09', '14.85'),
(2843, 6, '2024-03-09', '130.80'),
(2844, 7, '2024-03-09', '31.66'),
(2845, 8, '2024-03-09', '30.21'),
(2846, 9, '2024-03-09', '316.25'),
(2847, 10, '2024-03-09', '13.99'),
(2848, 11, '2024-03-09', '140.52'),
(2849, 12, '2024-03-09', '124.60'),
(2850, 13, '2024-03-09', '12.18'),
(2851, 14, '2024-03-09', '4.95'),
(2852, 15, '2024-03-09', '0.32'),
(2853, 16, '2024-03-09', '2.40'),
(2854, 17, '2024-03-09', '3.49'),
(2855, 18, '2024-03-09', '13.45'),
(2856, 19, '2024-03-09', '135.58'),
(2857, 20, '2024-03-09', '170.21'),
(2858, 21, '2024-03-09', '17.15'),
(2859, 22, '2024-03-09', '70.99'),
(2860, 23, '2024-03-09', '6.62'),
(2861, 24, '2024-03-09', '138.98'),
(2862, 25, '2024-03-09', '13.99'),
(2863, 26, '2024-03-09', '7.00'),
(2864, 27, '2024-03-09', '114.46'),
(2865, 28, '2024-03-09', '41.41'),
(2866, 29, '2024-03-09', '76.26'),
(2867, 30, '2024-03-09', '69.99'),
(2868, 31, '2024-03-09', '68.97'),
(2869, 32, '2024-03-09', '8716.73'),
(2870, 33, '2024-03-09', '74.25'),
(2871, 34, '2024-03-09', '45.00'),
(2872, 35, '2024-03-09', '157.68'),
(2873, 36, '2024-03-09', '14.94'),
(2874, 43, '2024-03-09', '258.01'),
(2875, 1, '2024-03-10', '30.06'),
(2876, 2, '2024-03-10', '52.00'),
(2877, 3, '2024-03-10', '28.75'),
(2878, 4, '2024-03-10', '14.52'),
(2879, 5, '2024-03-10', '14.60'),
(2880, 6, '2024-03-10', '141.00'),
(2881, 7, '2024-03-10', '37.00'),
(2882, 8, '2024-03-10', '33.00'),
(2883, 9, '2024-03-10', '299.99'),
(2884, 10, '2024-03-10', '14.50'),
(2885, 11, '2024-03-10', '151.08'),
(2886, 12, '2024-03-10', '122.99'),
(2887, 13, '2024-03-10', '11.64'),
(2888, 14, '2024-03-10', '5.65'),
(2889, 15, '2024-03-10', '0.32'),
(2890, 16, '2024-03-10', '2.50'),
(2891, 17, '2024-03-10', '2.40'),
(2892, 18, '2024-03-10', '15.90'),
(2893, 19, '2024-03-10', '176.50'),
(2894, 20, '2024-03-10', '184.88'),
(2895, 21, '2024-03-10', '17.97'),
(2896, 22, '2024-03-10', '69.09'),
(2897, 23, '2024-03-10', '6.40'),
(2898, 24, '2024-03-10', '136.99'),
(2899, 25, '2024-03-10', '13.73'),
(2900, 26, '2024-03-10', '9.48'),
(2901, 27, '2024-03-10', '114.99'),
(2902, 28, '2024-03-10', '40.20'),
(2903, 29, '2024-03-10', '77.19'),
(2904, 30, '2024-03-10', '69.94'),
(2905, 31, '2024-03-10', '67.32'),
(2906, 32, '2024-03-10', '8500.35'),
(2907, 33, '2024-03-10', '64.95'),
(2908, 34, '2024-03-10', '44.94'),
(2909, 35, '2024-03-10', '160.00'),
(2910, 36, '2024-03-10', '15.17'),
(2911, 43, '2024-03-10', '257.99'),
(2912, 1, '2024-03-10', '28.94'),
(2913, 2, '2024-03-10', '69.99'),
(2914, 3, '2024-03-10', '31.70'),
(2915, 4, '2024-03-10', '18.19'),
(2916, 5, '2024-03-10', '14.45'),
(2917, 6, '2024-03-10', '129.95'),
(2918, 7, '2024-03-10', '35.00'),
(2919, 8, '2024-03-10', '34.95'),
(2920, 9, '2024-03-10', '349.99'),
(2921, 10, '2024-03-10', '14.09'),
(2922, 11, '2024-03-10', '147.50'),
(2923, 12, '2024-03-10', '119.97'),
(2924, 13, '2024-03-10', '11.87'),
(2925, 14, '2024-03-10', '5.98'),
(2926, 15, '2024-03-10', '0.35'),
(2927, 16, '2024-03-10', '3.16'),
(2928, 17, '2024-03-10', '2.05'),
(2929, 18, '2024-03-10', '13.44'),
(2930, 19, '2024-03-10', '139.79'),
(2931, 20, '2024-03-10', '179.88'),
(2932, 21, '2024-03-10', '17.65'),
(2933, 22, '2024-03-10', '66.54'),
(2934, 23, '2024-03-10', '6.30'),
(2935, 24, '2024-03-10', '135.89'),
(2936, 25, '2024-03-10', '14.45'),
(2937, 26, '2024-03-10', '9.17'),
(2938, 27, '2024-03-10', '119.98'),
(2939, 28, '2024-03-10', '39.84'),
(2940, 29, '2024-03-10', '74.90'),
(2941, 30, '2024-03-10', '69.94'),
(2942, 31, '2024-03-10', '69.99'),
(2943, 32, '2024-03-10', '8599.15'),
(2944, 33, '2024-03-10', '64.70'),
(2945, 34, '2024-03-10', '50.00'),
(2946, 35, '2024-03-10', '154.00'),
(2947, 36, '2024-03-10', '14.20'),
(2948, 43, '2024-03-10', '245.98'),
(2949, 1, '2024-03-11', '24.11'),
(2950, 2, '2024-03-11', '53.21'),
(2951, 3, '2024-03-11', '30.99'),
(2952, 4, '2024-03-11', '14.93'),
(2953, 5, '2024-03-11', '14.59'),
(2954, 6, '2024-03-11', '159.29'),
(2955, 7, '2024-03-11', '36.01'),
(2956, 8, '2024-03-11', '30.00'),
(2957, 9, '2024-03-11', '343.00'),
(2958, 10, '2024-03-11', '13.58'),
(2959, 11, '2024-03-11', '147.00'),
(2960, 12, '2024-03-11', '117.89'),
(2961, 13, '2024-03-11', '11.30'),
(2962, 14, '2024-03-11', '5.97'),
(2963, 15, '2024-03-11', '0.37'),
(2964, 16, '2024-03-11', '2.98'),
(2965, 17, '2024-03-11', '1.95'),
(2966, 18, '2024-03-11', '12.53'),
(2967, 19, '2024-03-11', '132.85'),
(2968, 20, '2024-03-11', '177.69'),
(2969, 21, '2024-03-11', '17.05'),
(2970, 22, '2024-03-11', '61.69'),
(2971, 23, '2024-03-11', '5.94'),
(2972, 24, '2024-03-11', '125.00'),
(2973, 25, '2024-03-11', '13.72'),
(2974, 26, '2024-03-11', '8.99'),
(2975, 27, '2024-03-11', '113.98'),
(2976, 28, '2024-03-11', '60.00'),
(2977, 29, '2024-03-11', '72.01'),
(2978, 30, '2024-03-11', '66.39'),
(2979, 31, '2024-03-11', '142.74'),
(2980, 32, '2024-03-11', '8510.00'),
(2981, 33, '2024-03-11', '83.30'),
(2982, 34, '2024-03-11', '54.79'),
(2983, 35, '2024-03-11', '150.00'),
(2984, 36, '2024-03-11', '14.54'),
(2985, 43, '2024-03-11', '190.53'),
(2986, 1, '2024-03-12', '19.26'),
(2987, 2, '2024-03-12', '50.50'),
(2988, 3, '2024-03-12', '30.00'),
(2989, 4, '2024-03-12', '14.85'),
(2990, 5, '2024-03-12', '10.00'),
(2991, 6, '2024-03-12', '148.03'),
(2992, 7, '2024-03-12', '33.00'),
(2993, 8, '2024-03-12', '30.00'),
(2994, 9, '2024-03-12', '338.91'),
(2995, 10, '2024-03-12', '13.99'),
(2996, 11, '2024-03-12', '144.95'),
(2997, 12, '2024-03-12', '111.33'),
(2998, 13, '2024-03-12', '10.97'),
(2999, 14, '2024-03-12', '5.90'),
(3000, 15, '2024-03-12', '0.40'),
(3001, 16, '2024-03-12', '2.83'),
(3002, 17, '2024-03-12', '5.00'),
(3003, 18, '2024-03-12', '12.47'),
(3004, 19, '2024-03-12', '127.00'),
(3005, 20, '2024-03-12', '179.00'),
(3006, 21, '2024-03-12', '17.74'),
(3007, 22, '2024-03-12', '61.80'),
(3008, 23, '2024-03-12', '5.75'),
(3009, 24, '2024-03-12', '117.00'),
(3010, 25, '2024-03-12', '13.47'),
(3011, 26, '2024-03-12', '8.00'),
(3012, 27, '2024-03-12', '112.80'),
(3013, 28, '2024-03-12', '47.00'),
(3014, 29, '2024-03-12', '70.00'),
(3015, 30, '2024-03-12', '63.07'),
(3016, 31, '2024-03-12', '99.95'),
(3017, 32, '2024-03-12', '8300.85'),
(3018, 33, '2024-03-12', '76.00'),
(3019, 34, '2024-03-12', '53.99'),
(3020, 35, '2024-03-12', '141.49'),
(3021, 36, '2024-03-12', '14.29'),
(3022, 43, '2024-03-12', '189.99'),
(3023, 1, '2024-03-13', '14.58'),
(3024, 2, '2024-03-13', '51.00'),
(3025, 3, '2024-03-13', '29.98'),
(3026, 4, '2024-03-13', '17.00'),
(3027, 5, '2024-03-13', '16.00'),
(3028, 6, '2024-03-13', '122.99'),
(3029, 7, '2024-03-13', '36.84'),
(3030, 8, '2024-03-13', '33.99'),
(3031, 9, '2024-03-13', '379.96'),
(3032, 10, '2024-03-13', '13.77'),
(3033, 11, '2024-03-13', '141.57'),
(3034, 12, '2024-03-13', '119.80'),
(3035, 13, '2024-03-13', '11.50'),
(3036, 14, '2024-03-13', '5.72'),
(3037, 15, '2024-03-13', '0.35'),
(3038, 16, '2024-03-13', '2.38'),
(3039, 17, '2024-03-13', '2.70'),
(3040, 18, '2024-03-13', '13.00'),
(3041, 19, '2024-03-13', '137.77'),
(3042, 20, '2024-03-13', '181.94'),
(3043, 21, '2024-03-13', '17.92'),
(3044, 22, '2024-03-13', '66.04'),
(3045, 23, '2024-03-13', '6.17'),
(3046, 24, '2024-03-13', '132.84'),
(3047, 25, '2024-03-13', '13.44'),
(3048, 26, '2024-03-13', '8.00'),
(3049, 27, '2024-03-13', '112.93'),
(3050, 28, '2024-03-13', '55.95'),
(3051, 29, '2024-03-13', '150.00'),
(3052, 30, '2024-03-13', '55.00'),
(3053, 31, '2024-03-13', '77.00'),
(3054, 32, '2024-03-13', '8359.00'),
(3055, 33, '2024-03-13', '61.50'),
(3056, 34, '2024-03-13', '45.00'),
(3057, 35, '2024-03-13', '146.00'),
(3058, 36, '2024-03-13', '13.79'),
(3059, 43, '2024-03-13', '366.71'),
(3060, 1, '2024-03-14', '15.01'),
(3061, 2, '2024-03-14', '49.00'),
(3062, 3, '2024-03-14', '30.25'),
(3063, 4, '2024-03-14', '17.29'),
(3064, 5, '2024-03-14', '15.19'),
(3065, 6, '2024-03-14', '119.00'),
(3066, 8, '2024-03-14', '30.08'),
(3067, 7, '2024-03-14', '29.00'),
(3068, 9, '2024-03-14', '333.99'),
(3069, 10, '2024-03-14', '12.50'),
(3070, 11, '2024-03-14', '149.95'),
(3071, 12, '2024-03-14', '117.49'),
(3072, 13, '2024-03-14', '11.69'),
(3073, 14, '2024-03-14', '5.66'),
(3074, 15, '2024-03-14', '0.35'),
(3075, 16, '2024-03-14', '2.37'),
(3076, 17, '2024-03-14', '2.27'),
(3077, 18, '2024-03-14', '11.98'),
(3078, 19, '2024-03-14', '130.74'),
(3079, 20, '2024-03-14', '181.83'),
(3080, 21, '2024-03-14', '16.75'),
(3081, 22, '2024-03-14', '60.99'),
(3082, 23, '2024-03-14', '5.93'),
(3083, 24, '2024-03-14', '130.92'),
(3084, 25, '2024-03-14', '13.50'),
(3085, 26, '2024-03-14', '8.83'),
(3086, 27, '2024-03-14', '119.97'),
(3087, 28, '2024-03-14', '40.98'),
(3088, 29, '2024-03-14', '115.00'),
(3089, 30, '2024-03-14', '54.97'),
(3090, 31, '2024-03-14', '59.99'),
(3091, 32, '2024-03-14', '8900.06'),
(3092, 33, '2024-03-14', '50.17'),
(3093, 34, '2024-03-14', '49.85'),
(3094, 35, '2024-03-14', '149.40'),
(3095, 36, '2024-03-14', '12.45'),
(3096, 43, '2024-03-14', '320.43'),
(3097, 1, '2024-03-15', '12.72'),
(3098, 2, '2024-03-15', '55.54'),
(3099, 3, '2024-03-15', '30.00'),
(3100, 4, '2024-03-15', '14.98'),
(3101, 5, '2024-03-15', '15.30'),
(3102, 6, '2024-03-15', '129.00'),
(3103, 7, '2024-03-15', '34.99'),
(3104, 8, '2024-03-15', '30.00'),
(3105, 9, '2024-03-15', '331.00'),
(3106, 10, '2024-03-15', '14.00'),
(3107, 11, '2024-03-15', '151.87'),
(3108, 12, '2024-03-15', '118.94'),
(3109, 13, '2024-03-15', '11.55'),
(3110, 14, '2024-03-15', '5.60'),
(3111, 15, '2024-03-15', '0.20'),
(3112, 16, '2024-03-15', '2.36'),
(3113, 17, '2024-03-15', '2.08'),
(3114, 18, '2024-03-15', '11.20'),
(3115, 19, '2024-03-15', '118.47'),
(3116, 20, '2024-03-15', '187.50'),
(3117, 21, '2024-03-15', '18.00'),
(3118, 22, '2024-03-15', '61.25'),
(3119, 23, '2024-03-15', '5.84'),
(3120, 24, '2024-03-15', '119.20'),
(3121, 25, '2024-03-15', '12.29'),
(3122, 26, '2024-03-15', '5.70'),
(3123, 27, '2024-03-15', '119.69'),
(3124, 28, '2024-03-15', '55.98'),
(3125, 29, '2024-03-15', '70.00'),
(3126, 30, '2024-03-15', '54.94'),
(3127, 31, '2024-03-15', '60.00'),
(3128, 32, '2024-03-15', '8745.23'),
(3129, 33, '2024-03-15', '55.90'),
(3130, 34, '2024-03-15', '52.27'),
(3131, 35, '2024-03-15', '159.95'),
(3132, 36, '2024-03-15', '14.91'),
(3133, 43, '2024-03-15', '275.71'),
(3134, 1, '2024-03-16', '12.25'),
(3135, 2, '2024-03-16', '54.00'),
(3136, 3, '2024-03-16', '25.00'),
(3137, 4, '2024-03-16', '17.82'),
(3138, 5, '2024-03-16', '14.90'),
(3139, 6, '2024-03-16', '144.00'),
(3140, 7, '2024-03-16', '36.16'),
(3141, 8, '2024-03-16', '35.58'),
(3142, 9, '2024-03-16', '329.99');
INSERT INTO `prix` (`Id_Prix`, `Id_Item`, `Date`, `Prix`) VALUES
(3143, 10, '2024-03-16', '14.28'),
(3144, 11, '2024-03-16', '145.62'),
(3145, 12, '2024-03-16', '117.10'),
(3146, 13, '2024-03-16', '11.63'),
(3147, 14, '2024-03-16', '5.49'),
(3148, 15, '2024-03-16', '0.45'),
(3149, 16, '2024-03-16', '2.39'),
(3150, 17, '2024-03-16', '1.99'),
(3151, 18, '2024-03-16', '11.25'),
(3152, 19, '2024-03-16', '112.99'),
(3153, 20, '2024-03-16', '188.73'),
(3154, 21, '2024-03-16', '18.75'),
(3155, 22, '2024-03-16', '59.70'),
(3156, 23, '2024-03-16', '5.48'),
(3157, 24, '2024-03-16', '119.45'),
(3158, 25, '2024-03-16', '12.73'),
(3159, 26, '2024-03-16', '8.99'),
(3160, 27, '2024-03-16', '119.62'),
(3161, 28, '2024-03-16', '49.65'),
(3162, 29, '2024-03-16', '65.99'),
(3163, 30, '2024-03-16', '54.93'),
(3164, 31, '2024-03-16', '80.00'),
(3165, 32, '2024-03-16', '8677.00'),
(3166, 33, '2024-03-16', '108.00'),
(3167, 34, '2024-03-16', '49.95'),
(3168, 35, '2024-03-16', '147.00'),
(3169, 36, '2024-03-16', '14.00'),
(3170, 43, '2024-03-16', '266.93'),
(3171, 1, '2024-03-17', '11.71'),
(3172, 2, '2024-03-17', '52.00'),
(3173, 3, '2024-03-17', '31.33'),
(3174, 4, '2024-03-17', '17.70'),
(3175, 5, '2024-03-17', '16.43'),
(3176, 6, '2024-03-17', '122.01'),
(3177, 8, '2024-03-17', '37.00'),
(3178, 7, '2024-03-17', '36.44'),
(3179, 9, '2024-03-17', '328.94'),
(3180, 10, '2024-03-17', '13.30'),
(3181, 11, '2024-03-17', '134.99'),
(3182, 12, '2024-03-17', '116.96'),
(3183, 13, '2024-03-17', '11.55'),
(3184, 14, '2024-03-17', '5.59'),
(3185, 15, '2024-03-17', '0.31'),
(3186, 16, '2024-03-17', '3.00'),
(3187, 17, '2024-03-17', '2.30'),
(3188, 18, '2024-03-17', '10.76'),
(3189, 19, '2024-03-17', '111.80'),
(3190, 20, '2024-03-17', '185.50'),
(3191, 21, '2024-03-17', '17.12'),
(3192, 22, '2024-03-17', '54.99'),
(3193, 23, '2024-03-17', '5.10'),
(3194, 24, '2024-03-17', '119.84'),
(3195, 25, '2024-03-17', '11.99'),
(3196, 26, '2024-03-17', '9.38'),
(3197, 27, '2024-03-17', '126.73'),
(3198, 28, '2024-03-17', '80.99'),
(3199, 29, '2024-03-17', '100.98'),
(3200, 30, '2024-03-17', '54.92'),
(3201, 31, '2024-03-17', '93.60'),
(3202, 32, '2024-03-17', '8470.59'),
(3203, 33, '2024-03-17', '79.11'),
(3204, 34, '2024-03-17', '52.27'),
(3205, 35, '2024-03-17', '145.45'),
(3206, 36, '2024-03-17', '13.99'),
(3207, 43, '2024-03-17', '430.00'),
(3208, 1, '2024-03-18', '10.98'),
(3209, 2, '2024-03-18', '56.97'),
(3210, 3, '2024-03-18', '29.51'),
(3211, 4, '2024-03-18', '16.80'),
(3212, 5, '2024-03-18', '15.85'),
(3213, 6, '2024-03-18', '122.86'),
(3214, 7, '2024-03-18', '46.00'),
(3215, 8, '2024-03-18', '33.98'),
(3216, 9, '2024-03-18', '328.83'),
(3217, 10, '2024-03-18', '13.50'),
(3218, 11, '2024-03-18', '152.08'),
(3219, 12, '2024-03-18', '105.83'),
(3220, 13, '2024-03-18', '11.20'),
(3221, 14, '2024-03-18', '5.47'),
(3222, 15, '2024-03-18', '0.25'),
(3223, 16, '2024-03-18', '2.50'),
(3224, 17, '2024-03-18', '4.48'),
(3225, 18, '2024-03-18', '10.10'),
(3226, 19, '2024-03-18', '99.94'),
(3227, 20, '2024-03-18', '175.56'),
(3228, 21, '2024-03-18', '16.98'),
(3229, 22, '2024-03-18', '49.68'),
(3230, 23, '2024-03-18', '4.87'),
(3231, 24, '2024-03-18', '110.34'),
(3232, 25, '2024-03-18', '11.18'),
(3233, 26, '2024-03-18', '9.03'),
(3234, 27, '2024-03-18', '125.98'),
(3235, 28, '2024-03-18', '75.95'),
(3236, 29, '2024-03-18', '70.99'),
(3237, 30, '2024-03-18', '48.25'),
(3238, 31, '2024-03-18', '86.91'),
(3239, 32, '2024-03-18', '8259.00'),
(3240, 33, '2024-03-18', '63.98'),
(3241, 34, '2024-03-18', '54.99'),
(3242, 35, '2024-03-18', '150.76'),
(3243, 36, '2024-03-18', '11.60'),
(3244, 43, '2024-03-18', '300.78'),
(3245, 1, '2024-03-19', '8.85'),
(3246, 2, '2024-03-19', '66.30'),
(3247, 3, '2024-03-19', '30.33'),
(3248, 4, '2024-03-19', '17.60'),
(3249, 5, '2024-03-19', '28.99'),
(3250, 6, '2024-03-19', '146.00'),
(3251, 7, '2024-03-19', '37.89'),
(3252, 8, '2024-03-19', '35.94'),
(3253, 9, '2024-03-19', '345.97'),
(3254, 10, '2024-03-19', '13.55'),
(3255, 11, '2024-03-19', '143.01'),
(3256, 12, '2024-03-19', '100.97'),
(3257, 13, '2024-03-19', '10.11'),
(3258, 14, '2024-03-19', '5.20'),
(3259, 15, '2024-03-19', '0.30'),
(3260, 16, '2024-03-19', '2.95'),
(3261, 17, '2024-03-19', '1.50'),
(3262, 18, '2024-03-19', '10.09'),
(3263, 19, '2024-03-19', '105.95'),
(3264, 20, '2024-03-19', '197.28'),
(3265, 21, '2024-03-19', '19.62'),
(3266, 22, '2024-03-19', '61.56'),
(3267, 23, '2024-03-19', '5.94'),
(3268, 24, '2024-03-19', '116.00'),
(3269, 25, '2024-03-19', '11.57'),
(3270, 26, '2024-03-19', '9.02'),
(3271, 27, '2024-03-19', '122.46'),
(3272, 28, '2024-03-19', '45.00'),
(3273, 29, '2024-03-19', '69.00'),
(3274, 30, '2024-03-19', '48.08'),
(3275, 31, '2024-03-19', '76.99'),
(3276, 32, '2024-03-19', '8159.94'),
(3277, 33, '2024-03-19', '70.00'),
(3278, 34, '2024-03-19', '51.88'),
(3279, 35, '2024-03-19', '150.26'),
(3280, 36, '2024-03-19', '14.17'),
(3281, 43, '2024-03-19', '322.06'),
(3282, 1, '2024-03-20', '8.69'),
(3283, 2, '2024-03-20', '57.36'),
(3284, 3, '2024-03-20', '30.42'),
(3285, 4, '2024-03-20', '17.46'),
(3286, 5, '2024-03-20', '15.00'),
(3287, 6, '2024-03-20', '150.00'),
(3288, 7, '2024-03-20', '37.55'),
(3289, 8, '2024-03-20', '29.50'),
(3290, 9, '2024-03-20', '300.00'),
(3291, 10, '2024-03-20', '13.75'),
(3292, 11, '2024-03-20', '125.00'),
(3293, 12, '2024-03-20', '117.10'),
(3294, 13, '2024-03-20', '11.80'),
(3295, 14, '2024-03-20', '5.44'),
(3296, 15, '2024-03-20', '0.30'),
(3297, 16, '2024-03-20', '5.00'),
(3298, 17, '2024-03-20', '7.50'),
(3299, 18, '2024-03-20', '10.85'),
(3300, 19, '2024-03-20', '109.00'),
(3301, 20, '2024-03-20', '194.00'),
(3302, 21, '2024-03-20', '19.38'),
(3303, 22, '2024-03-20', '60.32'),
(3304, 23, '2024-03-20', '6.00'),
(3305, 24, '2024-03-20', '127.86'),
(3306, 25, '2024-03-20', '12.88'),
(3307, 26, '2024-03-20', '9.00'),
(3308, 27, '2024-03-20', '121.47'),
(3309, 28, '2024-03-20', '60.09'),
(3310, 29, '2024-03-20', '68.99'),
(3311, 30, '2024-03-20', '45.00'),
(3312, 31, '2024-03-20', '78.21'),
(3313, 32, '2024-03-20', '8067.97'),
(3314, 33, '2024-03-20', '69.99'),
(3315, 34, '2024-03-20', '44.00'),
(3316, 35, '2024-03-20', '175.96'),
(3317, 36, '2024-03-20', '18.80'),
(3318, 43, '2024-03-20', '300.00'),
(3319, 1, '2024-03-22', '6.60'),
(3320, 2, '2024-03-22', '53.95'),
(3321, 3, '2024-03-22', '31.78'),
(3322, 4, '2024-03-22', '15.70'),
(3323, 5, '2024-03-22', '14.00'),
(3324, 6, '2024-03-22', '155.19'),
(3325, 8, '2024-03-22', '40.09'),
(3326, 7, '2024-03-22', '29.00'),
(3327, 9, '2024-03-22', '384.95'),
(3328, 10, '2024-03-22', '13.08'),
(3329, 11, '2024-03-22', '134.36'),
(3330, 12, '2024-03-22', '102.99'),
(3331, 13, '2024-03-22', '10.39'),
(3332, 14, '2024-03-22', '8.95'),
(3333, 15, '2024-03-22', '0.38'),
(3334, 16, '2024-03-22', '3.45'),
(3356, 1, '2024-03-24', '8.60'),
(3336, 18, '2024-03-22', '9.48'),
(3337, 19, '2024-03-22', '99.54'),
(3338, 20, '2024-03-22', '190.94'),
(3339, 21, '2024-03-22', '18.36'),
(3340, 22, '2024-03-22', '53.04'),
(3341, 23, '2024-03-22', '5.00'),
(3342, 24, '2024-03-22', '112.94'),
(3343, 25, '2024-03-22', '11.89'),
(3344, 26, '2024-03-22', '10.00'),
(3345, 27, '2024-03-22', '120.61'),
(3346, 28, '2024-03-22', '114.77'),
(3347, 29, '2024-03-22', '103.00'),
(3348, 30, '2024-03-22', '47.98'),
(3349, 31, '2024-03-22', '78.98'),
(3350, 32, '2024-03-22', '9200.00'),
(3351, 33, '2024-03-22', '68.00'),
(3352, 34, '2024-03-22', '60.96'),
(3353, 35, '2024-03-22', '162.04'),
(3354, 36, '2024-03-22', '17.37'),
(3355, 43, '2024-03-22', '268.08'),
(3357, 2, '2024-03-24', '57.73'),
(3358, 3, '2024-03-24', '30.00'),
(3359, 4, '2024-03-24', '14.19'),
(3360, 5, '2024-03-24', '13.69'),
(3361, 6, '2024-03-24', '134.98'),
(3362, 8, '2024-03-24', '28.99'),
(3363, 7, '2024-03-24', '22.00'),
(3364, 9, '2024-03-24', '344.99'),
(3365, 10, '2024-03-24', '14.00'),
(3366, 11, '2024-03-24', '144.40'),
(3367, 12, '2024-03-24', '100.95'),
(3368, 13, '2024-03-24', '9.86'),
(3369, 14, '2024-03-24', '7.27'),
(3370, 15, '2024-03-24', '0.30'),
(3371, 16, '2024-03-24', '5.00'),
(3372, 17, '2024-03-24', '66.20'),
(3373, 18, '2024-03-24', '9.27'),
(3374, 19, '2024-03-24', '94.89'),
(3375, 20, '2024-03-24', '210.70'),
(3376, 21, '2024-03-24', '18.42'),
(3377, 22, '2024-03-24', '62.00'),
(3378, 23, '2024-03-24', '5.84'),
(3379, 24, '2024-03-24', '132.70'),
(3380, 25, '2024-03-24', '12.91'),
(3381, 26, '2024-03-24', '9.95'),
(3382, 27, '2024-03-24', '118.14'),
(3383, 28, '2024-03-24', '130.00'),
(3384, 29, '2024-03-24', '101.00'),
(3385, 30, '2024-03-24', '75.50'),
(3386, 31, '2024-03-24', '98.00'),
(3387, 32, '2024-03-24', '7800.00'),
(3388, 33, '2024-03-24', '138.00'),
(3389, 34, '2024-03-24', '57.99'),
(3390, 35, '2024-03-24', '160.00'),
(3391, 36, '2024-03-24', '14.94'),
(3392, 43, '2024-03-24', '259.99'),
(3393, 1, '2024-03-26', '5.99'),
(3394, 2, '2024-03-26', '64.88'),
(3395, 3, '2024-03-26', '28.51'),
(3396, 4, '2024-03-26', '12.00'),
(3397, 5, '2024-03-26', '13.96'),
(3398, 6, '2024-03-26', '161.48'),
(3399, 8, '2024-03-26', '28.23'),
(3400, 7, '2024-03-26', '26.99'),
(3401, 9, '2024-03-26', '348.75'),
(3402, 10, '2024-03-26', '12.88'),
(3403, 11, '2024-03-26', '138.98'),
(3404, 12, '2024-03-26', '96.29'),
(3405, 13, '2024-03-26', '9.44'),
(3406, 14, '2024-03-26', '6.65'),
(3407, 15, '2024-03-26', '0.32'),
(3408, 16, '2024-03-26', '3.82'),
(3409, 17, '2024-03-26', '3.36'),
(3410, 18, '2024-03-26', '8.07'),
(3411, 19, '2024-03-26', '87.50'),
(3412, 20, '2024-03-26', '184.91'),
(3413, 21, '2024-03-26', '18.00'),
(3414, 22, '2024-03-26', '55.00'),
(3415, 23, '2024-03-26', '5.15'),
(3416, 24, '2024-03-26', '108.91'),
(3417, 25, '2024-03-26', '11.39'),
(3418, 26, '2024-03-26', '9.92'),
(3419, 27, '2024-03-26', '119.55'),
(3420, 28, '2024-03-26', '75.00'),
(3421, 29, '2024-03-26', '150.99'),
(3422, 30, '2024-03-26', '60.00'),
(3423, 31, '2024-03-26', '92.96'),
(3424, 32, '2024-03-26', '7760.90'),
(3425, 33, '2024-03-26', '89.54'),
(3426, 34, '2024-03-26', '48.86'),
(3427, 35, '2024-03-26', '163.93'),
(3428, 36, '2024-03-26', '15.94'),
(3429, 43, '2024-03-26', '240.79'),
(3430, 1, '2024-04-03', '4.71'),
(3431, 2, '2024-04-03', '66.83'),
(3432, 3, '2024-04-03', '30.93'),
(3433, 4, '2024-04-03', '12.30'),
(3434, 5, '2024-04-03', '13.10'),
(3435, 6, '2024-04-03', '199.90'),
(3436, 8, '2024-04-03', '49.99'),
(3437, 7, '2024-04-03', '45.00'),
(3438, 9, '2024-04-03', '428.00'),
(3439, 10, '2024-04-03', '21.95'),
(3440, 11, '2024-04-03', '222.75'),
(3441, 12, '2024-04-03', '134.74'),
(3442, 13, '2024-04-03', '13.00'),
(3443, 14, '2024-04-03', '6.00'),
(3444, 15, '2024-04-03', '0.42'),
(3445, 16, '2024-04-03', '2.99'),
(3446, 17, '2024-04-03', '3.00'),
(3447, 18, '2024-04-03', '11.99'),
(3448, 19, '2024-04-03', '110.64'),
(3449, 20, '2024-04-03', '216.69'),
(3450, 21, '2024-04-03', '21.11'),
(3451, 22, '2024-04-03', '59.98'),
(3452, 23, '2024-04-03', '5.94'),
(3453, 24, '2024-04-03', '129.28'),
(3454, 25, '2024-04-03', '13.50'),
(3455, 26, '2024-04-03', '11.25'),
(3456, 27, '2024-04-03', '141.95'),
(3457, 28, '2024-04-03', '59.99'),
(3458, 29, '2024-04-03', '83.99'),
(3459, 30, '2024-04-03', '70.62'),
(3460, 31, '2024-04-03', '77.22'),
(3461, 32, '2024-04-03', '7324.99'),
(3462, 33, '2024-04-03', '75.55'),
(3463, 34, '2024-04-03', '69.11'),
(3464, 35, '2024-04-03', '175.14'),
(3465, 36, '2024-04-03', '17.21'),
(3466, 43, '2024-04-03', '460.00'),
(3467, 1, '2024-04-04', '5.25'),
(3468, 2, '2024-04-04', '68.31'),
(3469, 3, '2024-04-04', '29.10'),
(3470, 4, '2024-04-04', '12.76'),
(3471, 5, '2024-04-04', '13.65'),
(3472, 6, '2024-04-04', '250.93'),
(3473, 8, '2024-04-04', '48.20'),
(3474, 7, '2024-04-04', '43.50'),
(3475, 9, '2024-04-04', '422.79'),
(3476, 10, '2024-04-04', '11.52'),
(3477, 11, '2024-04-04', '185.94'),
(3478, 12, '2024-04-04', '122.13'),
(3479, 13, '2024-04-04', '10.87'),
(3480, 14, '2024-04-04', '6.44'),
(3481, 15, '2024-04-04', '0.40'),
(3482, 16, '2024-04-04', '2.96'),
(3483, 17, '2024-04-04', '3.98'),
(3484, 18, '2024-04-04', '12.59'),
(3485, 19, '2024-04-04', '122.22'),
(3486, 20, '2024-04-04', '263.15'),
(3487, 21, '2024-04-04', '20.99'),
(3488, 22, '2024-04-04', '50.00'),
(3489, 23, '2024-04-04', '4.99'),
(3490, 24, '2024-04-04', '158.31'),
(3491, 25, '2024-04-04', '15.54'),
(3492, 26, '2024-04-04', '11.85'),
(3493, 27, '2024-04-04', '139.98'),
(3494, 28, '2024-04-04', '59.39'),
(3495, 29, '2024-04-04', '90.55'),
(3496, 30, '2024-04-04', '70.56'),
(3497, 31, '2024-04-04', '100.00'),
(3498, 32, '2024-04-04', '7357.98'),
(3499, 33, '2024-04-04', '57.99'),
(3500, 34, '2024-04-04', '48.00'),
(3501, 35, '2024-04-04', '155.98'),
(3502, 36, '2024-04-04', '16.01'),
(3503, 43, '2024-04-04', '390.48'),
(3504, 1, '2024-04-05', '8.89'),
(3505, 2, '2024-04-05', '65.18'),
(3506, 3, '2024-04-05', '28.00'),
(3507, 4, '2024-04-05', '11.95'),
(3508, 5, '2024-04-05', '12.98'),
(3509, 6, '2024-04-05', '184.90'),
(3510, 8, '2024-04-05', '45.08'),
(3511, 7, '2024-04-05', '39.49'),
(3512, 9, '2024-04-05', '380.00'),
(3513, 10, '2024-04-05', '18.28'),
(3514, 11, '2024-04-05', '183.58'),
(3515, 12, '2024-04-05', '122.81'),
(3516, 13, '2024-04-05', '11.69'),
(3517, 14, '2024-04-05', '9.86'),
(3518, 15, '2024-04-05', '0.34'),
(3519, 16, '2024-04-05', '2.76'),
(3520, 17, '2024-04-05', '3.63'),
(3521, 18, '2024-04-05', '11.52'),
(3522, 19, '2024-04-05', '119.98'),
(3523, 20, '2024-04-05', '223.84'),
(3524, 21, '2024-04-05', '22.69'),
(3525, 22, '2024-04-05', '51.85'),
(3526, 23, '2024-04-05', '5.17'),
(3527, 24, '2024-04-05', '151.99'),
(3528, 25, '2024-04-05', '15.38'),
(3529, 26, '2024-04-05', '12.97'),
(3530, 27, '2024-04-05', '149.88'),
(3531, 28, '2024-04-05', '70.49'),
(3532, 29, '2024-04-05', '82.00'),
(3533, 30, '2024-04-05', '68.00'),
(3534, 31, '2024-04-05', '99.80'),
(3535, 32, '2024-04-05', '7319.99'),
(3536, 33, '2024-04-05', '60.04'),
(3537, 34, '2024-04-05', '54.75'),
(3538, 35, '2024-04-05', '170.00'),
(3539, 36, '2024-04-05', '16.00'),
(3540, 43, '2024-04-05', '343.27'),
(3541, 1, '2024-04-07', '3.50'),
(3542, 2, '2024-04-07', '70.30'),
(3543, 3, '2024-04-07', '34.02'),
(3544, 4, '2024-04-07', '12.34'),
(3545, 5, '2024-04-07', '13.40'),
(3546, 6, '2024-04-07', '178.99'),
(3547, 8, '2024-04-07', '36.25'),
(3548, 7, '2024-04-07', '30.00'),
(3549, 9, '2024-04-07', '380.61'),
(3550, 10, '2024-04-07', '14.50'),
(3551, 11, '2024-04-07', '150.00'),
(3552, 12, '2024-04-07', '117.05'),
(3553, 13, '2024-04-07', '11.00'),
(3554, 14, '2024-04-07', '7.67'),
(3555, 15, '2024-04-07', '0.39'),
(3556, 16, '2024-04-07', '2.55'),
(3557, 17, '2024-04-07', '3.25'),
(3558, 18, '2024-04-07', '9.55'),
(3559, 19, '2024-04-07', '97.98'),
(3560, 20, '2024-04-07', '204.71'),
(3561, 21, '2024-04-07', '19.98'),
(3562, 22, '2024-04-07', '51.77'),
(3563, 23, '2024-04-07', '4.99'),
(3564, 24, '2024-04-07', '139.00'),
(3565, 25, '2024-04-07', '13.00'),
(3566, 26, '2024-04-07', '13.00'),
(3567, 27, '2024-04-07', '140.61'),
(3568, 28, '2024-04-07', '50.00'),
(3569, 29, '2024-04-07', '73.42'),
(3570, 30, '2024-04-07', '45.90'),
(3571, 31, '2024-04-07', '149.85'),
(3572, 32, '2024-04-07', '7224.68'),
(3573, 33, '2024-04-07', '68.97'),
(3574, 34, '2024-04-07', '48.73'),
(3575, 35, '2024-04-07', '176.00'),
(3576, 36, '2024-04-07', '17.00'),
(3577, 43, '2024-04-07', '314.00'),
(3578, 1, '2024-04-08', '3.32'),
(3579, 2, '2024-04-08', '61.90'),
(3580, 3, '2024-04-08', '22.98'),
(3581, 4, '2024-04-08', '11.97'),
(3582, 5, '2024-04-08', '12.45'),
(3583, 6, '2024-04-08', '164.00'),
(3584, 8, '2024-04-08', '36.79'),
(3585, 7, '2024-04-08', '34.75'),
(3586, 9, '2024-04-08', '380.00'),
(3587, 10, '2024-04-08', '15.69'),
(3588, 11, '2024-04-08', '155.46'),
(3589, 12, '2024-04-08', '107.34'),
(3590, 13, '2024-04-08', '10.39'),
(3591, 14, '2024-04-08', '6.96'),
(3592, 15, '2024-04-08', '0.43'),
(3593, 16, '2024-04-08', '2.70'),
(3594, 17, '2024-04-08', '3.85'),
(3595, 18, '2024-04-08', '10.81'),
(3596, 19, '2024-04-08', '108.00'),
(3597, 20, '2024-04-08', '194.99'),
(3598, 21, '2024-04-08', '19.31'),
(3599, 22, '2024-04-08', '49.00'),
(3600, 23, '2024-04-08', '4.94'),
(3601, 24, '2024-04-08', '128.00'),
(3602, 25, '2024-04-08', '13.23'),
(3603, 26, '2024-04-08', '12.30'),
(3604, 27, '2024-04-08', '130.89'),
(3605, 28, '2024-04-08', '48.95'),
(3606, 29, '2024-04-08', '135.14'),
(3607, 30, '2024-04-08', '65.00'),
(3608, 31, '2024-04-08', '148.00'),
(3609, 32, '2024-04-08', '7169.91'),
(3610, 33, '2024-04-08', '60.00'),
(3611, 34, '2024-04-08', '44.00'),
(3612, 35, '2024-04-08', '169.00'),
(3613, 36, '2024-04-08', '16.60'),
(3614, 43, '2024-04-08', '200.00'),
(3615, 1, '2024-04-09', '3.00'),
(3616, 2, '2024-04-09', '63.70'),
(3617, 3, '2024-04-09', '25.99'),
(3618, 4, '2024-04-09', '10.12'),
(3619, 5, '2024-04-09', '12.98'),
(3620, 6, '2024-04-09', '173.40'),
(3621, 8, '2024-04-09', '33.98'),
(3622, 7, '2024-04-09', '32.95'),
(3623, 9, '2024-04-09', '395.00'),
(3624, 10, '2024-04-09', '15.79'),
(3625, 11, '2024-04-09', '150.00'),
(3626, 12, '2024-04-09', '103.00'),
(3627, 13, '2024-04-09', '9.86'),
(3628, 14, '2024-04-09', '5.97'),
(3629, 15, '2024-04-09', '0.35'),
(3630, 16, '2024-04-09', '2.49'),
(3631, 17, '2024-04-09', '2.47'),
(3632, 18, '2024-04-09', '10.22'),
(3633, 19, '2024-04-09', '100.00'),
(3634, 20, '2024-04-09', '203.99'),
(3635, 21, '2024-04-09', '19.62'),
(3636, 22, '2024-04-09', '51.98'),
(3637, 23, '2024-04-09', '4.78'),
(3638, 24, '2024-04-09', '117.95'),
(3639, 25, '2024-04-09', '11.99'),
(3640, 26, '2024-04-09', '12.67'),
(3641, 27, '2024-04-09', '135.63'),
(3642, 28, '2024-04-09', '44.98'),
(3643, 29, '2024-04-09', '53.00'),
(3644, 30, '2024-04-09', '58.00'),
(3645, 31, '2024-04-09', '142.20'),
(3646, 32, '2024-04-09', '7141.98'),
(3647, 33, '2024-04-09', '79.96'),
(3648, 34, '2024-04-09', '43.99'),
(3649, 35, '2024-04-09', '167.98'),
(3650, 36, '2024-04-09', '15.96'),
(3651, 43, '2024-04-09', '300.00'),
(3652, 1, '2024-04-11', '5.98'),
(3653, 2, '2024-04-11', '65.95'),
(3654, 3, '2024-04-11', '25.00'),
(3655, 4, '2024-04-11', '11.76'),
(3656, 5, '2024-04-11', '14.50'),
(3657, 6, '2024-04-11', '192.99'),
(3658, 7, '2024-04-11', '37.99'),
(3659, 8, '2024-04-11', '36.35'),
(3660, 9, '2024-04-11', '495.98'),
(3661, 10, '2024-04-11', '16.49'),
(3662, 11, '2024-04-11', '161.99'),
(3663, 12, '2024-04-11', '106.72'),
(3664, 13, '2024-04-11', '10.27'),
(3665, 14, '2024-04-11', '6.98'),
(3666, 15, '2024-04-11', '0.25'),
(3667, 16, '2024-04-11', '2.69'),
(3668, 17, '2024-04-11', '2.53'),
(3669, 18, '2024-04-11', '9.99'),
(3670, 19, '2024-04-11', '104.36'),
(3671, 20, '2024-04-11', '206.85'),
(3672, 21, '2024-04-11', '19.88'),
(3673, 22, '2024-04-11', '50.00'),
(3674, 23, '2024-04-11', '4.99'),
(3675, 24, '2024-04-11', '111.79'),
(3676, 25, '2024-04-11', '12.98'),
(3677, 26, '2024-04-11', '13.02'),
(3678, 27, '2024-04-11', '132.99'),
(3679, 28, '2024-04-11', '44.85'),
(3680, 29, '2024-04-11', '43.96'),
(3681, 30, '2024-04-11', '43.00'),
(3682, 31, '2024-04-11', '100.04'),
(3683, 32, '2024-04-11', '7047.00'),
(3684, 33, '2024-04-11', '75.00'),
(3685, 34, '2024-04-11', '30.30'),
(3686, 35, '2024-04-11', '178.78'),
(3687, 36, '2024-04-11', '17.00'),
(3688, 43, '2024-04-11', '275.99'),
(3689, 1, '2024-04-21', '3.05'),
(3690, 2, '2024-04-21', '63.33'),
(3691, 3, '2024-04-21', '20.10'),
(3692, 4, '2024-04-21', '8.90'),
(3693, 5, '2024-04-21', '13.20'),
(3694, 6, '2024-04-21', '176.00'),
(3695, 8, '2024-04-21', '39.24'),
(3696, 7, '2024-04-21', '35.98'),
(3697, 9, '2024-04-21', '485.86'),
(3698, 10, '2024-04-21', '15.99'),
(3699, 11, '2024-04-21', '164.98'),
(3700, 12, '2024-04-21', '116.99'),
(3701, 13, '2024-04-21', '11.00'),
(3702, 14, '2024-04-21', '8.92'),
(3703, 15, '2024-04-21', '0.31'),
(3704, 16, '2024-04-21', '2.75'),
(3705, 17, '2024-04-21', '1.98'),
(3706, 18, '2024-04-21', '10.15'),
(3707, 19, '2024-04-21', '112.85'),
(3708, 20, '2024-04-21', '238.98'),
(3709, 21, '2024-04-21', '24.75'),
(3710, 22, '2024-04-21', '52.99'),
(3711, 23, '2024-04-21', '4.88'),
(3712, 24, '2024-04-21', '127.38'),
(3713, 25, '2024-04-21', '12.40'),
(3714, 26, '2024-04-21', '12.90'),
(3715, 27, '2024-04-21', '136.99'),
(3716, 28, '2024-04-21', '92.86'),
(3717, 29, '2024-04-21', '49.70'),
(3718, 30, '2024-04-21', '46.36'),
(3719, 31, '2024-04-21', '125.73'),
(3720, 32, '2024-04-21', '6648.00'),
(3721, 33, '2024-04-21', '69.90'),
(3722, 34, '2024-04-21', '41.95'),
(3723, 35, '2024-04-21', '180.28'),
(3724, 36, '2024-04-21', '18.02'),
(3725, 43, '2024-04-21', '289.94'),
(3726, 1, '2024-04-22', '2.76'),
(3727, 2, '2024-04-22', '61.27'),
(3728, 3, '2024-04-22', '19.20'),
(3729, 4, '2024-04-22', '8.00'),
(3730, 5, '2024-04-22', '12.78'),
(3731, 6, '2024-04-22', '182.89'),
(3732, 8, '2024-04-22', '32.32'),
(3733, 7, '2024-04-22', '24.94'),
(3734, 9, '2024-04-22', '485.00'),
(3735, 10, '2024-04-22', '15.89'),
(3736, 11, '2024-04-22', '165.99'),
(3737, 12, '2024-04-22', '115.53'),
(3738, 13, '2024-04-22', '11.36'),
(3739, 14, '2024-04-22', '8.49'),
(3740, 15, '2024-04-22', '0.20'),
(3741, 16, '2024-04-22', '4.04'),
(3742, 17, '2024-04-22', '1.98'),
(3743, 18, '2024-04-22', '10.59'),
(3744, 19, '2024-04-22', '109.22'),
(3745, 20, '2024-04-22', '239.00'),
(3746, 21, '2024-04-22', '24.40'),
(3747, 22, '2024-04-22', '49.00'),
(3748, 23, '2024-04-22', '4.71'),
(3749, 24, '2024-04-22', '122.79'),
(3750, 25, '2024-04-22', '12.44'),
(3751, 26, '2024-04-22', '7.11'),
(3752, 27, '2024-04-22', '134.92'),
(3753, 28, '2024-04-22', '84.50'),
(3754, 29, '2024-04-22', '50.00'),
(3755, 30, '2024-04-22', '32.99'),
(3756, 31, '2024-04-22', '121.38'),
(3757, 32, '2024-04-22', '6610.00'),
(3758, 33, '2024-04-22', '65.89'),
(3759, 34, '2024-04-22', '44.00'),
(3760, 35, '2024-04-22', '171.55'),
(3761, 36, '2024-04-22', '16.88'),
(3762, 43, '2024-04-22', '155.93'),
(3763, 1, '2024-04-23', '4.95'),
(3764, 2, '2024-04-23', '65.00'),
(3765, 3, '2024-04-23', '17.99'),
(3766, 4, '2024-04-23', '9.76'),
(3767, 5, '2024-04-23', '12.06'),
(3768, 6, '2024-04-23', '197.85'),
(3769, 7, '2024-04-23', '38.87'),
(3770, 8, '2024-04-23', '34.99'),
(3771, 9, '2024-04-23', '495.50'),
(3772, 10, '2024-04-23', '18.40'),
(3773, 11, '2024-04-23', '165.86'),
(3774, 12, '2024-04-23', '137.27'),
(3775, 13, '2024-04-23', '13.92'),
(3776, 14, '2024-04-23', '13.99'),
(3777, 15, '2024-04-23', '0.38'),
(3778, 16, '2024-04-23', '2.50'),
(3779, 17, '2024-04-23', '1.99'),
(3780, 18, '2024-04-23', '13.80'),
(3781, 19, '2024-04-23', '136.97'),
(3782, 20, '2024-04-23', '259.95'),
(3783, 21, '2024-04-23', '26.00'),
(3784, 22, '2024-04-23', '63.50'),
(3785, 23, '2024-04-23', '6.40'),
(3786, 24, '2024-04-23', '152.80'),
(3787, 25, '2024-04-23', '15.05'),
(3788, 26, '2024-04-23', '13.80'),
(3789, 27, '2024-04-23', '142.44'),
(3790, 28, '2024-04-23', '73.98'),
(3791, 29, '2024-04-23', '49.00'),
(3792, 30, '2024-04-23', '46.93'),
(3793, 31, '2024-04-23', '121.50'),
(3794, 32, '2024-04-23', '7748.99'),
(3795, 33, '2024-04-23', '59.95'),
(3796, 34, '2024-04-23', '44.79'),
(3797, 35, '2024-04-23', '189.99'),
(3798, 36, '2024-04-23', '19.40'),
(3799, 43, '2024-04-23', '327.99'),
(3800, 1, '2024-04-24', '7.70'),
(3801, 2, '2024-04-24', '70.87'),
(3802, 3, '2024-04-24', '19.99'),
(3803, 4, '2024-04-24', '8.49'),
(3804, 5, '2024-04-24', '13.49'),
(3805, 6, '2024-04-24', '225.71'),
(3806, 7, '2024-04-24', '32.95'),
(3807, 8, '2024-04-24', '30.88'),
(3808, 9, '2024-04-24', '560.89'),
(3809, 10, '2024-04-24', '15.55'),
(3810, 11, '2024-04-24', '162.98'),
(3811, 12, '2024-04-24', '128.98'),
(3812, 13, '2024-04-24', '11.99'),
(3813, 14, '2024-04-24', '8.99'),
(3814, 15, '2024-04-24', '0.29'),
(3815, 16, '2024-04-24', '3.46'),
(3816, 17, '2024-04-24', '1.99'),
(3817, 18, '2024-04-24', '6.60'),
(3818, 19, '2024-04-24', '115.00'),
(3819, 20, '2024-04-24', '241.50'),
(3820, 21, '2024-04-24', '23.28'),
(3821, 22, '2024-04-24', '48.00'),
(3822, 23, '2024-04-24', '4.40'),
(3823, 24, '2024-04-24', '169.84'),
(3824, 25, '2024-04-24', '15.84'),
(3825, 26, '2024-04-24', '11.50'),
(3826, 27, '2024-04-24', '140.16'),
(3827, 28, '2024-04-24', '65.00'),
(3828, 29, '2024-04-24', '57.44'),
(3829, 30, '2024-04-24', '43.92'),
(3830, 31, '2024-04-24', '118.97'),
(3831, 32, '2024-04-24', '8249.98'),
(3832, 33, '2024-04-24', '60.00'),
(3833, 34, '2024-04-24', '42.00'),
(3834, 35, '2024-04-24', '159.98'),
(3835, 36, '2024-04-24', '15.86'),
(3836, 43, '2024-04-24', '371.24'),
(3837, 1, '2024-04-28', '6.99'),
(3838, 2, '2024-04-28', '60.97'),
(3839, 3, '2024-04-28', '27.87'),
(3840, 4, '2024-04-28', '7.65'),
(3841, 5, '2024-04-28', '12.43'),
(3842, 6, '2024-04-28', '158.99'),
(3843, 7, '2024-04-28', '31.22'),
(3844, 8, '2024-04-28', '30.00'),
(3845, 9, '2024-04-28', '389.00'),
(3846, 10, '2024-04-28', '13.80'),
(3847, 11, '2024-04-28', '139.00'),
(3848, 12, '2024-04-28', '99.66'),
(3849, 13, '2024-04-28', '10.10'),
(3850, 14, '2024-04-28', '6.54'),
(3851, 15, '2024-04-28', '0.22'),
(3852, 16, '2024-04-28', '2.40'),
(3853, 17, '2024-04-28', '1.66'),
(3854, 18, '2024-04-28', '4.94'),
(3855, 19, '2024-04-28', '95.80'),
(3856, 20, '2024-04-28', '219.80'),
(3857, 21, '2024-04-28', '20.46'),
(3858, 22, '2024-04-28', '35.80'),
(3859, 23, '2024-04-28', '3.45'),
(3860, 24, '2024-04-28', '116.46'),
(3861, 25, '2024-04-28', '11.44'),
(3862, 26, '2024-04-28', '4.45'),
(3863, 27, '2024-04-28', '128.28'),
(3864, 28, '2024-04-28', '90.00'),
(3865, 29, '2024-04-28', '50.00'),
(3866, 30, '2024-04-28', '89.00'),
(3867, 31, '2024-04-28', '109.03'),
(3868, 32, '2024-04-28', '12840.00'),
(3869, 33, '2024-04-28', '57.90'),
(3870, 34, '2024-04-28', '43.12'),
(3871, 35, '2024-04-28', '220.00'),
(3872, 36, '2024-04-28', '23.95'),
(3873, 43, '2024-04-28', '429.20'),
(3874, 1, '2024-04-29', '6.10'),
(3875, 2, '2024-04-29', '45.98'),
(3876, 3, '2024-04-29', '24.43'),
(3877, 4, '2024-04-29', '8.00'),
(3878, 5, '2024-04-29', '8.14'),
(3879, 6, '2024-04-29', '140.80'),
(3880, 8, '2024-04-29', '27.89'),
(3881, 7, '2024-04-29', '24.00'),
(3882, 9, '2024-04-29', '379.00'),
(3883, 10, '2024-04-29', '14.32'),
(3884, 11, '2024-04-29', '137.76'),
(3885, 12, '2024-04-29', '99.01'),
(3886, 13, '2024-04-29', '9.50'),
(3887, 14, '2024-04-29', '6.40'),
(3888, 15, '2024-04-29', '0.35'),
(3889, 17, '2024-04-29', '1.53'),
(3890, 18, '2024-04-29', '8.00'),
(3891, 20, '2024-04-29', '217.75'),
(3892, 21, '2024-04-29', '20.89'),
(3893, 22, '2024-04-29', '37.96'),
(3894, 23, '2024-04-29', '3.61'),
(3895, 24, '2024-04-29', '159.00'),
(3896, 25, '2024-04-29', '15.00'),
(3897, 26, '2024-04-29', '11.31'),
(3898, 27, '2024-04-29', '128.03'),
(3899, 28, '2024-04-29', '59.00'),
(3900, 29, '2024-04-29', '50.00'),
(3901, 30, '2024-04-29', '63.98'),
(3902, 31, '2024-04-29', '109.03'),
(3903, 32, '2024-04-29', '12700.93'),
(3904, 33, '2024-04-29', '52.00'),
(3905, 34, '2024-04-29', '41.00'),
(3906, 1, '2024-04-30', '4.89'),
(3907, 2, '2024-04-30', '54.95'),
(3908, 3, '2024-04-30', '25.18'),
(3909, 4, '2024-04-30', '13.20'),
(3910, 5, '2024-04-30', '11.90'),
(3911, 6, '2024-04-30', '175.99'),
(3912, 7, '2024-04-30', '30.84'),
(3913, 8, '2024-04-30', '30.80'),
(3914, 9, '2024-04-30', '485.00'),
(3915, 10, '2024-04-30', '13.86'),
(3916, 11, '2024-04-30', '149.00'),
(3917, 12, '2024-04-30', '96.89'),
(3918, 13, '2024-04-30', '9.53'),
(3919, 14, '2024-04-30', '6.00'),
(3920, 15, '2024-04-30', '0.36'),
(3921, 16, '2024-04-30', '1.99'),
(3922, 17, '2024-04-30', '1.60'),
(3923, 18, '2024-04-30', '9.00'),
(3924, 19, '2024-04-30', '101.99'),
(3925, 20, '2024-04-30', '229.75'),
(3926, 21, '2024-04-30', '22.50'),
(3927, 22, '2024-04-30', '37.80'),
(3928, 23, '2024-04-30', '3.47'),
(3929, 24, '2024-04-30', '133.00'),
(3930, 25, '2024-04-30', '12.61'),
(3931, 26, '2024-04-30', '11.12'),
(3932, 27, '2024-04-30', '119.88'),
(3933, 28, '2024-04-30', '40.64'),
(3934, 29, '2024-04-30', '50.00'),
(3935, 30, '2024-04-30', '51.99'),
(3936, 31, '2024-04-30', '124.98'),
(3937, 32, '2024-04-30', '10876.00'),
(3938, 33, '2024-04-30', '55.99'),
(3939, 34, '2024-04-30', '35.00'),
(3940, 35, '2024-04-30', '370.00'),
(3941, 36, '2024-04-30', '35.98'),
(3942, 43, '2024-04-30', '393.00'),
(3943, 1, '2024-05-03', '8.07'),
(3944, 2, '2024-05-03', '50.89'),
(3945, 3, '2024-05-03', '20.95'),
(3946, 4, '2024-05-03', '9.80'),
(3947, 5, '2024-05-03', '8.97'),
(3948, 6, '2024-05-03', '159.99'),
(3949, 8, '2024-05-03', '34.57'),
(3950, 7, '2024-05-03', '34.30'),
(3951, 9, '2024-05-03', '421.99'),
(3952, 10, '2024-05-03', '13.40'),
(3953, 11, '2024-05-03', '145.00'),
(3954, 12, '2024-05-03', '97.99'),
(3955, 13, '2024-05-03', '9.85'),
(3956, 14, '2024-05-03', '7.34'),
(3957, 15, '2024-05-03', '0.75'),
(3958, 16, '2024-05-03', '1.85'),
(3959, 17, '2024-05-03', '10.23'),
(3960, 18, '2024-05-03', '9.27'),
(3961, 19, '2024-05-03', '98.78'),
(3962, 20, '2024-05-03', '229.67'),
(3963, 21, '2024-05-03', '22.98'),
(3964, 22, '2024-05-03', '30.15'),
(3965, 23, '2024-05-03', '2.88'),
(3966, 24, '2024-05-03', '168.95'),
(3967, 25, '2024-05-03', '16.00'),
(3968, 26, '2024-05-03', '10.87'),
(3969, 27, '2024-05-03', '116.81'),
(3970, 28, '2024-05-03', '28.13'),
(3971, 29, '2024-05-03', '50.00'),
(3972, 30, '2024-05-03', '65.00'),
(3973, 31, '2024-05-03', '118.99'),
(3974, 32, '2024-05-03', '5837.00'),
(3975, 33, '2024-05-03', '47.00'),
(3976, 34, '2024-05-03', '45.00'),
(3977, 35, '2024-05-03', '308.00'),
(3978, 36, '2024-05-03', '31.15'),
(3979, 43, '2024-05-03', '590.00'),
(3980, 1, '2024-05-06', '4.08'),
(3981, 2, '2024-05-06', '46.60'),
(3982, 3, '2024-05-06', '15.45'),
(3983, 4, '2024-05-06', '7.80'),
(3984, 5, '2024-05-06', '6.98'),
(3985, 6, '2024-05-06', '174.25'),
(3986, 7, '2024-05-06', '28.85'),
(3987, 8, '2024-05-06', '27.97'),
(3988, 9, '2024-05-06', '360.00'),
(3989, 10, '2024-05-06', '10.00'),
(3990, 11, '2024-05-06', '108.00'),
(3991, 12, '2024-05-06', '96.97'),
(3992, 13, '2024-05-06', '9.45'),
(3993, 14, '2024-05-06', '6.00'),
(3994, 15, '2024-05-06', '0.40'),
(3995, 16, '2024-05-06', '1.63'),
(3996, 17, '2024-05-06', '1.40'),
(3997, 18, '2024-05-06', '3.11'),
(3998, 19, '2024-05-06', '92.17'),
(3999, 20, '2024-05-06', '229.76'),
(4000, 21, '2024-05-06', '22.74'),
(4001, 22, '2024-05-06', '26.95'),
(4002, 23, '2024-05-06', '2.63'),
(4003, 24, '2024-05-06', '159.16'),
(4004, 25, '2024-05-06', '15.55'),
(4005, 26, '2024-05-06', '3.01'),
(4006, 27, '2024-05-06', '100.87'),
(4007, 28, '2024-05-06', '49.00'),
(4008, 29, '2024-05-06', '50.00'),
(4009, 30, '2024-05-06', '75.40'),
(4010, 31, '2024-05-06', '89.99'),
(4011, 32, '2024-05-06', '4543.99'),
(4012, 33, '2024-05-06', '49.94'),
(4013, 34, '2024-05-06', '46.74'),
(4014, 35, '2024-05-06', '443.00'),
(4015, 36, '2024-05-06', '19.58'),
(4016, 43, '2024-05-06', '353.00'),
(4017, 1, '2024-05-08', '2.92'),
(4018, 2, '2024-05-08', '45.97'),
(4019, 3, '2024-05-08', '19.90'),
(4020, 4, '2024-05-08', '7.23'),
(4021, 5, '2024-05-08', '9.74'),
(4022, 6, '2024-05-08', '202.00'),
(4023, 8, '2024-05-08', '40.01'),
(4024, 7, '2024-05-08', '32.50'),
(4025, 9, '2024-05-08', '428.97'),
(4026, 10, '2024-05-08', '9.21'),
(4027, 11, '2024-05-08', '96.91'),
(4028, 12, '2024-05-08', '99.46'),
(4029, 13, '2024-05-08', '10.27'),
(4030, 14, '2024-05-08', '5.18'),
(4031, 15, '2024-05-08', '0.77'),
(4032, 16, '2024-05-08', '1.58'),
(4033, 17, '2024-05-08', '1.30'),
(4034, 18, '2024-05-08', '10.37'),
(4035, 19, '2024-05-08', '103.98'),
(4036, 20, '2024-05-08', '237.00'),
(4037, 21, '2024-05-08', '23.29'),
(4038, 22, '2024-05-08', '29.00'),
(4039, 23, '2024-05-08', '2.80'),
(4040, 24, '2024-05-08', '151.99'),
(4041, 25, '2024-05-08', '15.45'),
(4042, 26, '2024-05-08', '3.00'),
(4043, 27, '2024-05-08', '98.95'),
(4044, 28, '2024-05-08', '43.64'),
(4045, 29, '2024-05-08', '48.88'),
(4046, 30, '2024-05-08', '68.00'),
(4047, 31, '2024-05-08', '88.00'),
(4048, 32, '2024-05-08', '5554.00'),
(4049, 33, '2024-05-08', '39.90'),
(4050, 34, '2024-05-08', '45.99'),
(4051, 35, '2024-05-08', '629.97'),
(4052, 36, '2024-05-08', '59.15'),
(4053, 43, '2024-05-08', '300.70'),
(4054, 1, '2024-05-11', '6.07'),
(4055, 2, '2024-05-11', '36.62'),
(4056, 3, '2024-05-11', '17.13'),
(4057, 4, '2024-05-11', '8.49'),
(4058, 5, '2024-05-11', '6.28'),
(4059, 6, '2024-05-11', '223.68'),
(4060, 7, '2024-05-11', '57.00'),
(4061, 8, '2024-05-11', '38.99'),
(4062, 9, '2024-05-11', '369.00'),
(4063, 10, '2024-05-11', '6.96'),
(4064, 11, '2024-05-11', '66.00'),
(4065, 12, '2024-05-11', '90.31'),
(4066, 13, '2024-05-11', '8.96'),
(4067, 14, '2024-05-11', '0.83'),
(4068, 15, '2024-05-11', '0.41'),
(4069, 16, '2024-05-11', '1.92'),
(4070, 17, '2024-05-11', '1.48'),
(4071, 18, '2024-05-11', '10.89'),
(4072, 19, '2024-05-11', '114.35'),
(4073, 20, '2024-05-11', '236.95'),
(4074, 21, '2024-05-11', '22.99'),
(4075, 22, '2024-05-11', '28.80'),
(4076, 23, '2024-05-11', '2.93'),
(4077, 24, '2024-05-11', '176.22'),
(4078, 25, '2024-05-11', '16.80'),
(4079, 26, '2024-05-11', '11.00'),
(4080, 27, '2024-05-11', '90.94'),
(4081, 28, '2024-05-11', '49.98'),
(4082, 29, '2024-05-11', '49.90'),
(4083, 30, '2024-05-11', '62.60'),
(4084, 31, '2024-05-11', '95.02'),
(4085, 32, '2024-05-11', '4799.00'),
(4086, 33, '2024-05-11', '38.32'),
(4087, 34, '2024-05-11', '39.98'),
(4088, 35, '2024-05-11', '621.71'),
(4089, 36, '2024-05-11', '57.45'),
(4090, 43, '2024-05-11', '481.00'),
(4091, 1, '2024-05-12', '2.88'),
(4092, 2, '2024-05-12', '43.98'),
(4093, 3, '2024-05-12', '16.64'),
(4094, 4, '2024-05-12', '7.47'),
(4095, 5, '2024-05-12', '5.66'),
(4096, 6, '2024-05-12', '246.00'),
(4097, 8, '2024-05-12', '75.00'),
(4098, 7, '2024-05-12', '67.99'),
(4099, 9, '2024-05-12', '370.00'),
(4100, 10, '2024-05-12', '7.06'),
(4101, 11, '2024-05-12', '78.99'),
(4102, 12, '2024-05-12', '87.42'),
(4103, 13, '2024-05-12', '4.49'),
(4104, 14, '2024-05-12', '6.24'),
(4105, 15, '2024-05-12', '0.30'),
(4106, 16, '2024-05-12', '1.79'),
(4107, 17, '2024-05-12', '1.31'),
(4108, 18, '2024-05-12', '8.10'),
(4109, 19, '2024-05-12', '103.97'),
(4110, 20, '2024-05-12', '236.00'),
(4111, 21, '2024-05-12', '22.97'),
(4112, 22, '2024-05-12', '30.77'),
(4113, 23, '2024-05-12', '2.90'),
(4114, 24, '2024-05-12', '166.33'),
(4115, 25, '2024-05-12', '15.99'),
(4116, 26, '2024-05-12', '10.91'),
(4117, 27, '2024-05-12', '120.98'),
(4118, 28, '2024-05-12', '53.00'),
(4119, 29, '2024-05-12', '65.00'),
(4120, 30, '2024-05-12', '61.99'),
(4121, 31, '2024-05-12', '80.39'),
(4122, 32, '2024-05-12', '4068.91'),
(4123, 33, '2024-05-12', '43.00'),
(4124, 34, '2024-05-12', '36.00'),
(4125, 35, '2024-05-12', '706.00'),
(4126, 36, '2024-05-12', '68.80'),
(4127, 43, '2024-05-12', '450.00'),
(4128, 1, '2024-05-13', '2.01'),
(4129, 2, '2024-05-13', '42.95'),
(4130, 3, '2024-05-13', '15.43'),
(4131, 4, '2024-05-13', '6.95'),
(4132, 5, '2024-05-13', '6.44'),
(4133, 6, '2024-05-13', '204.94'),
(4134, 7, '2024-05-13', '70.98'),
(4135, 8, '2024-05-13', '57.59'),
(4136, 9, '2024-05-13', '499.00'),
(4137, 10, '2024-05-13', '8.05'),
(4138, 11, '2024-05-13', '80.00'),
(4139, 12, '2024-05-13', '84.70'),
(4140, 13, '2024-05-13', '5.49'),
(4141, 14, '2024-05-13', '5.00'),
(4142, 15, '2024-05-13', '0.38'),
(4143, 16, '2024-05-13', '1.74'),
(4144, 17, '2024-05-13', '1.15'),
(4145, 18, '2024-05-13', '9.60'),
(4146, 19, '2024-05-13', '105.19'),
(4147, 20, '2024-05-13', '231.96'),
(4148, 21, '2024-05-13', '22.00'),
(4149, 22, '2024-05-13', '28.79'),
(4150, 23, '2024-05-13', '2.65'),
(4151, 24, '2024-05-13', '154.10'),
(4152, 25, '2024-05-13', '15.07'),
(4153, 26, '2024-05-13', '1.09'),
(4154, 27, '2024-05-13', '99.92'),
(4155, 28, '2024-05-13', '50.00'),
(4156, 29, '2024-05-13', '60.00'),
(4157, 30, '2024-05-13', '55.00'),
(4158, 31, '2024-05-13', '94.87'),
(4159, 32, '2024-05-13', '4033.97'),
(4160, 33, '2024-05-13', '33.70'),
(4161, 34, '2024-05-13', '45.54'),
(4162, 35, '2024-05-13', '710.00'),
(4163, 36, '2024-05-13', '68.95'),
(4164, 43, '2024-05-13', '640.00'),
(4165, 1, '2024-05-14', '2.41'),
(4166, 2, '2024-05-14', '39.34'),
(4167, 3, '2024-05-14', '14.88'),
(4168, 4, '2024-05-14', '5.90'),
(4169, 5, '2024-05-14', '6.00'),
(4170, 6, '2024-05-14', '224.45'),
(4171, 8, '2024-05-14', '65.00'),
(4172, 7, '2024-05-14', '50.44'),
(4173, 9, '2024-05-14', '485.00'),
(4174, 10, '2024-05-14', '8.30'),
(4175, 11, '2024-05-14', '87.20'),
(4176, 12, '2024-05-14', '81.81'),
(4177, 13, '2024-05-14', '7.96'),
(4178, 14, '2024-05-14', '5.80'),
(4179, 15, '2024-05-14', '0.38'),
(4180, 16, '2024-05-14', '1.72'),
(4181, 17, '2024-05-14', '1.27'),
(4182, 18, '2024-05-14', '10.08'),
(4183, 19, '2024-05-14', '101.95'),
(4184, 20, '2024-05-14', '237.48'),
(4185, 21, '2024-05-14', '23.23'),
(4186, 22, '2024-05-14', '28.40'),
(4187, 23, '2024-05-14', '2.50'),
(4188, 24, '2024-05-14', '138.17'),
(4189, 25, '2024-05-14', '14.01'),
(4190, 26, '2024-05-14', '1.09'),
(4191, 27, '2024-05-14', '98.57'),
(4192, 28, '2024-05-14', '87.70'),
(4193, 29, '2024-05-14', '60.00'),
(4194, 30, '2024-05-14', '57.98'),
(4195, 31, '2024-05-14', '98.90'),
(4196, 32, '2024-05-14', '4048.00'),
(4197, 33, '2024-05-14', '33.04'),
(4198, 34, '2024-05-14', '44.99'),
(4199, 35, '2024-05-14', '825.00'),
(4200, 36, '2024-05-14', '79.90'),
(4201, 43, '2024-05-14', '867.90'),
(4202, 1, '2024-05-16', '3.10'),
(4203, 2, '2024-05-16', '36.69'),
(4204, 3, '2024-05-16', '16.50'),
(4205, 4, '2024-05-16', '6.35'),
(4206, 5, '2024-05-16', '5.50'),
(4207, 6, '2024-05-16', '202.85'),
(4208, 8, '2024-05-16', '74.86'),
(4209, 7, '2024-05-16', '53.98'),
(4210, 9, '2024-05-16', '440.92'),
(4211, 10, '2024-05-16', '7.99'),
(4212, 11, '2024-05-16', '50.69'),
(4213, 12, '2024-05-16', '87.49'),
(4214, 13, '2024-05-16', '5.29'),
(4215, 14, '2024-05-16', '4.69'),
(4216, 15, '2024-05-16', '0.39'),
(4217, 16, '2024-05-16', '1.40'),
(4218, 17, '2024-05-16', '1.31'),
(4219, 18, '2024-05-16', '10.97'),
(4220, 19, '2024-05-16', '115.49'),
(4221, 20, '2024-05-16', '274.89'),
(4222, 21, '2024-05-16', '27.86'),
(4223, 22, '2024-05-16', '36.95'),
(4224, 23, '2024-05-16', '3.17'),
(4225, 24, '2024-05-16', '159.69'),
(4226, 25, '2024-05-16', '15.99'),
(4227, 26, '2024-05-16', '10.40'),
(4228, 27, '2024-05-16', '94.04'),
(4229, 28, '2024-05-16', '65.80'),
(4230, 29, '2024-05-16', '60.00'),
(4231, 30, '2024-05-16', '78.92'),
(4232, 31, '2024-05-16', '95.99'),
(4233, 32, '2024-05-16', '6217.00'),
(4234, 33, '2024-05-16', '35.20'),
(4235, 34, '2024-05-16', '42.84'),
(4236, 35, '2024-05-16', '788.00'),
(4237, 36, '2024-05-16', '78.84'),
(4238, 43, '2024-05-16', '1078.99'),
(4239, 1, '2024-05-17', '3.00'),
(4240, 2, '2024-05-17', '36.99'),
(4241, 3, '2024-05-17', '16.00'),
(4242, 4, '2024-05-17', '8.99'),
(4243, 5, '2024-05-17', '5.85'),
(4244, 6, '2024-05-17', '200.80'),
(4245, 8, '2024-05-17', '62.00'),
(4246, 7, '2024-05-17', '54.70'),
(4247, 9, '2024-05-17', '424.99'),
(4248, 10, '2024-05-17', '8.90'),
(4249, 11, '2024-05-17', '98.00'),
(4250, 12, '2024-05-17', '83.20'),
(4251, 13, '2024-05-17', '8.25'),
(4252, 14, '2024-05-17', '6.53'),
(4253, 15, '2024-05-17', '0.34'),
(4254, 16, '2024-05-17', '1.40'),
(4255, 17, '2024-05-17', '1.14'),
(4256, 18, '2024-05-17', '10.51'),
(4257, 19, '2024-05-17', '113.29'),
(4258, 20, '2024-05-17', '249.42'),
(4259, 21, '2024-05-17', '24.55'),
(4260, 22, '2024-05-17', '35.23'),
(4261, 23, '2024-05-17', '3.18'),
(4262, 24, '2024-05-17', '145.05'),
(4263, 25, '2024-05-17', '14.49'),
(4264, 26, '2024-05-17', '10.29'),
(4265, 27, '2024-05-17', '89.43'),
(4266, 28, '2024-05-17', '60.71'),
(4267, 29, '2024-05-17', '60.00'),
(4268, 30, '2024-05-17', '76.22'),
(4269, 31, '2024-05-17', '83.00'),
(4270, 32, '2024-05-17', '6299.00'),
(4271, 33, '2024-05-17', '40.00'),
(4272, 34, '2024-05-17', '39.80'),
(4273, 35, '2024-05-17', '705.00'),
(4274, 36, '2024-05-17', '70.93'),
(4275, 43, '2024-05-17', '1129.00'),
(4276, 1, '2024-05-18', '2.94'),
(4277, 2, '2024-05-18', '36.25'),
(4278, 3, '2024-05-18', '16.75'),
(4279, 4, '2024-05-18', '7.85'),
(4280, 5, '2024-05-18', '6.11'),
(4281, 6, '2024-05-18', '210.00'),
(4282, 8, '2024-05-18', '60.00'),
(4283, 7, '2024-05-18', '56.15'),
(4284, 9, '2024-05-18', '417.99'),
(4285, 10, '2024-05-18', '7.50'),
(4286, 11, '2024-05-18', '74.77'),
(4287, 12, '2024-05-18', '77.78'),
(4288, 13, '2024-05-18', '7.42'),
(4289, 14, '2024-05-18', '5.55'),
(4290, 15, '2024-05-18', '0.30'),
(4291, 16, '2024-05-18', '1.93'),
(4292, 17, '2024-05-18', '14.98'),
(4293, 18, '2024-05-18', '9.40'),
(4294, 19, '2024-05-18', '100.00'),
(4295, 20, '2024-05-18', '237.00'),
(4296, 21, '2024-05-18', '22.95'),
(4297, 22, '2024-05-18', '30.40'),
(4298, 23, '2024-05-18', '3.09'),
(4299, 24, '2024-05-18', '126.95'),
(4300, 25, '2024-05-18', '12.00'),
(4301, 26, '2024-05-18', '9.65'),
(4302, 27, '2024-05-18', '99.97'),
(4303, 28, '2024-05-18', '63.70'),
(4304, 29, '2024-05-18', '54.95'),
(4305, 30, '2024-05-18', '75.05'),
(4306, 31, '2024-05-18', '80.99'),
(4307, 32, '2024-05-18', '9900.00'),
(4308, 33, '2024-05-18', '89.69'),
(4309, 34, '2024-05-18', '38.80'),
(4310, 35, '2024-05-18', '647.90'),
(4311, 36, '2024-05-18', '63.00'),
(4312, 43, '2024-05-18', '999.90'),
(4313, 1, '2024-06-28', '4.09'),
(4314, 2, '2024-06-28', '24.45'),
(4315, 3, '2024-06-28', '4.00'),
(4316, 4, '2024-06-28', '2.18'),
(4317, 5, '2024-06-28', '5.00'),
(4318, 6, '2024-06-28', '235.00'),
(4319, 8, '2024-06-28', '96.76'),
(4320, 7, '2024-06-28', '89.98'),
(4321, 9, '2024-06-28', '640.90'),
(4322, 10, '2024-06-28', '3.95'),
(4323, 11, '2024-06-28', '39.00'),
(4324, 12, '2024-06-28', '25.55'),
(4325, 13, '2024-06-28', '2.25'),
(4326, 14, '2024-06-28', '0.85'),
(4327, 15, '2024-06-28', '0.02'),
(4328, 16, '2024-06-28', '1.08'),
(4329, 17, '2024-06-28', '0.66'),
(4330, 18, '2024-06-28', '2.75'),
(4331, 19, '2024-06-28', '43.22'),
(4332, 20, '2024-06-28', '192.00'),
(4333, 21, '2024-06-28', '18.98'),
(4334, 22, '2024-06-28', '27.84'),
(4335, 23, '2024-06-28', '2.22'),
(4336, 24, '2024-06-28', '63.00'),
(4337, 25, '2024-06-28', '6.04'),
(4338, 26, '2024-06-28', '4.45'),
(4339, 27, '2024-06-28', '36.68'),
(4340, 28, '2024-06-28', '59.00'),
(4341, 29, '2024-06-28', '95.00'),
(4342, 30, '2024-06-28', '199.54'),
(4343, 31, '2024-06-28', '244.00'),
(4344, 32, '2024-06-28', '2450.00'),
(4345, 33, '2024-06-28', '20.39'),
(4346, 34, '2024-06-28', '28.76'),
(4347, 35, '2024-06-28', '503.99'),
(4348, 36, '2024-06-28', '50.78'),
(4349, 43, '2024-06-28', '1044.05');
COMMIT;

/*!40101 SET CHARACTER_SET_CLIENT=@OLD_CHARACTER_SET_CLIENT */;
/*!40101 SET CHARACTER_SET_RESULTS=@OLD_CHARACTER_SET_RESULTS */;
/*!40101 SET COLLATION_CONNECTION=@OLD_COLLATION_CONNECTION */;
